P_NAME,P_HABZONE,P_TYPE_TEMP
11 Com b,0,Hot
11 UMi b,0,Hot
14 And b,0,Hot
14 Her b,0,Cold
16 Cyg B b,2,Warm
18 Del b,0,Hot
1RXS J160929.1-210524 b,0,
24 Boo b,0,Hot
24 Sex b,0,Hot
24 Sex c,0,Hot
2MASS J01225093-2439505 b,0,
2MASS J02192210-3925225 b,0,Cold
2MASS J04414489+2301513 b,0,
2MASS J12073346-3932539 b,0,
2MASS J19383260+4603591 b,0,
2MASS J21402931+1625183 A b,0,Cold
2MASS J22362452+4751425 b,0,
30 Ari B b,0,Hot
4 UMa b,0,Hot
42 Dra b,0,Hot
47 UMa b,2,Warm
47 UMa c,0,Cold
47 UMa d,0,Cold
51 Eri b,0,
51 Peg b,0,Hot
55 Cnc b,0,Hot
55 Cnc c,0,Hot
55 Cnc d,0,Cold
55 Cnc e,0,Hot
55 Cnc f,2,Warm
6 Lyn b,0,Hot
61 Vir b,0,Hot
61 Vir c,0,Hot
61 Vir d,0,Hot
7 CMa b,2,Warm
70 Vir b,0,Hot
75 Cet b,0,Hot
8 UMi b,0,Hot
81 Cet b,0,Hot
91 Aqr b,0,Hot
AB Pic b,0,
alf Ari b,0,Hot
alf Tau b,0,Hot
BD+03 2562 b,0,Hot
BD+14 4559 b,2,Warm
BD+15 2375 b,0,Hot
BD+15 2940 b,0,Hot
BD+20 2457 b,0,Hot
BD+20 2457 c,0,Hot
BD+20 274 b,0,Hot
BD+20 594 b,0,Hot
BD+48 738 b,0,Hot
BD+48 740 b,0,Hot
BD+49 828 b,0,Hot
BD-06 1339 b,0,Hot
BD-06 1339 c,2,Warm
BD-08 2823 b,0,Hot
BD-08 2823 c,2,Warm
BD-10 3166 b,0,Hot
BD-11 4672 b,0,Cold
BD-13 2130 b,0,Hot
BD-17 63 b,0,Cold
bet Cnc b,0,Hot
bet Pic b,0,
bet Pic c,0,
bet UMi b,0,Hot
CFBDSIR J145829+101343 b,0,Cold
CHXR 73 b,0,
CI Tau b,0,
CoRoT-1 b,0,Hot
CoRoT-10 b,0,Hot
CoRoT-11 b,0,Hot
CoRoT-12 b,0,Hot
CoRoT-13 b,0,Hot
CoRoT-14 b,0,Hot
CoRoT-16 b,0,Hot
CoRoT-17 b,0,Hot
CoRoT-18 b,0,Hot
CoRoT-19 b,0,Hot
CoRoT-2 b,0,Hot
CoRoT-20 b,0,
CoRoT-20 c,0,
CoRoT-21 b,0,Hot
CoRoT-22 b,0,Hot
CoRoT-23 b,0,Hot
CoRoT-24 b,0,Hot
CoRoT-24 c,0,Hot
CoRoT-25 b,0,Hot
CoRoT-26 b,0,Hot
CoRoT-27 b,0,Hot
CoRoT-28 b,0,Hot
CoRoT-29 b,0,Hot
CoRoT-3 b,0,Hot
CoRoT-4 b,0,Hot
CoRoT-5 b,0,Hot
CoRoT-6 b,0,Hot
CoRoT-7 b,0,Hot
CoRoT-7 c,0,Hot
CoRoT-8 b,0,Hot
CoRoT-9 b,0,Hot
CoRoTID 223977153 b,0,Hot
CT Cha b,0,
DE CVn b,0,
DENIS-P J082303.1-491201 b,0,
DH Tau b,0,
DP Leo b,0,Cold
DS Tuc A b,0,Hot
EPIC 201238110 b,0,
EPIC 201497682 b,0,
EPIC 201615463 c,0,
EPIC 201754305 d,0,
EPIC 201833600 c,0,
EPIC 201841433 b,0,
EPIC 205950854 c,0,Hot
EPIC 206024342 b,0,
EPIC 206032309 b,0,
EPIC 206042996 b,0,
EPIC 206215704 b,0,
EPIC 206317286 b,0,
EPIC 211822797 b,0,Hot
EPIC 211945201 b,0,Hot
EPIC 212297394 b,0,
EPIC 212424622 b,0,
EPIC 212499991 b,0,
EPIC 212587672 b,0,
EPIC 212737443 b,0,Hot
EPIC 212737443 c,0,Hot
EPIC 220554210 c,0,
EPIC 220674823 b,0,Hot
EPIC 220674823 c,0,Hot
EPIC 246851721 b,0,Hot
EPIC 246865365 b,0,Hot
EPIC 248847494 b,0,Cold
eps CrB b,0,Hot
eps Eri b,0,
eps Tau b,0,Hot
Fomalhaut b,0,
FU Tau b,0,
gam 1 Leo b,0,Hot
gam Cep b,0,
gam Lib b,0,Hot
gam Lib c,0,Hot
GJ 1061 b,0,Hot
GJ 1061 c,1,Warm
GJ 1061 d,2,Warm
GJ 1132 b,0,Hot
GJ 1132 c,0,Hot
GJ 1148 b,2,Warm
GJ 1148 c,0,Cold
GJ 1214 b,0,Hot
GJ 1265 b,0,Hot
GJ 143 b,0,Hot
GJ 163 b,0,Hot
GJ 163 c,1,Warm
GJ 163 d,0,Cold
GJ 179 b,0,Cold
GJ 273 b,1,Warm
GJ 273 c,0,Hot
GJ 3021 b,0,Hot
GJ 3138 b,0,Hot
GJ 3138 c,0,Hot
GJ 3138 d,0,Cold
GJ 317 b,0,
GJ 317 c,0,
GJ 328 b,0,
GJ 3293 b,1,Warm
GJ 3293 c,0,Cold
GJ 3293 d,2,Warm
GJ 3293 e,0,Hot
GJ 3323 b,1,Warm
GJ 3323 c,0,Cold
GJ 3341 b,0,Hot
GJ 3470 b,0,Hot
GJ 357 b,0,Hot
GJ 357 c,0,Hot
GJ 357 d,2,Warm
GJ 3634 b,0,
GJ 3779 b,0,Hot
GJ 3942 b,0,Hot
GJ 3998 b,0,Hot
GJ 3998 c,0,Hot
GJ 411 b,0,Hot
GJ 4276 b,0,Hot
GJ 433 b,0,Hot
GJ 436 b,0,
GJ 504 b,0,Cold
GJ 536 b,0,Hot
GJ 581 b,0,Hot
GJ 581 c,0,Hot
GJ 581 e,0,Hot
GJ 625 b,0,Hot
GJ 649 b,0,
GJ 667 C b,0,Hot
GJ 667 C c,1,Warm
GJ 667 C e,2,Warm
GJ 667 C f,2,Warm
GJ 667 C g,0,Cold
GJ 674 b,0,
GJ 676 A b,0,Cold
GJ 676 A c,0,Cold
GJ 676 A d,0,Hot
GJ 676 A e,0,Hot
GJ 685 b,0,Hot
GJ 687 b,2,Warm
GJ 832 b,0,Cold
GJ 832 c,1,Warm
GJ 849 b,0,Cold
GJ 86 b,0,Hot
GJ 876 b,0,
GJ 876 c,0,
GJ 876 d,0,
GJ 876 e,0,
GJ 96 b,0,
GJ 9827 b,0,Hot
GJ 9827 c,0,Hot
GJ 9827 d,0,Hot
Gl 378 b,0,Hot
Gl 49 b,0,Hot
Gl 686 b,0,Hot
GQ Lup b,0,
GSC 06214-00210 b,0,
GU Psc b,0,
HAT-P-1 b,0,Hot
HAT-P-11 b,0,Hot
HAT-P-11 c,0,Cold
HAT-P-12 b,0,Hot
HAT-P-13 b,0,Hot
HAT-P-13 c,1,Warm
HAT-P-14 b,0,Hot
HAT-P-15 b,0,Hot
HAT-P-16 b,0,Hot
HAT-P-17 b,0,Hot
HAT-P-17 c,0,Cold
HAT-P-18 b,0,Hot
HAT-P-19 b,0,Hot
HAT-P-2 b,0,Hot
HAT-P-20 b,0,Hot
HAT-P-21 b,0,Hot
HAT-P-22 b,0,Hot
HAT-P-23 b,0,Hot
HAT-P-24 b,0,Hot
HAT-P-25 b,0,Hot
HAT-P-26 b,0,Hot
HAT-P-27 b,0,Hot
HAT-P-28 b,0,Hot
HAT-P-29 b,0,Hot
HAT-P-3 b,0,Hot
HAT-P-30 b,0,Hot
HAT-P-31 b,0,Hot
HAT-P-32 b,0,Hot
HAT-P-33 b,0,Hot
HAT-P-34 b,0,Hot
HAT-P-35 b,0,Hot
HAT-P-36 b,0,Hot
HAT-P-37 b,0,Hot
HAT-P-38 b,0,Hot
HAT-P-39 b,0,Hot
HAT-P-4 b,0,
HAT-P-40 b,0,Hot
HAT-P-41 b,0,Hot
HAT-P-42 b,0,Hot
HAT-P-43 b,0,Hot
HAT-P-44 b,0,Hot
HAT-P-44 c,0,Cold
HAT-P-45 b,0,Hot
HAT-P-46 b,0,Hot
HAT-P-49 b,0,Hot
HAT-P-5 b,0,Hot
HAT-P-50 b,0,Hot
HAT-P-51 b,0,Hot
HAT-P-52 b,0,Hot
HAT-P-53 b,0,Hot
HAT-P-54 b,0,Hot
HAT-P-55 b,0,Hot
HAT-P-56 b,0,Hot
HAT-P-57 b,0,Hot
HAT-P-6 b,0,Hot
HAT-P-65 b,0,Hot
HAT-P-66 b,0,Hot
HAT-P-67 b,0,Hot
HAT-P-69 b,0,Hot
HAT-P-7 b,0,Hot
HAT-P-70 b,0,Hot
HAT-P-8 b,0,Hot
HAT-P-9 b,0,Hot
HATS-1 b,0,Hot
HATS-10 b,0,Hot
HATS-11 b,0,Hot
HATS-12 b,0,Hot
HATS-13 b,0,Hot
HATS-14 b,0,Hot
HATS-15 b,0,Hot
HATS-16 b,0,Hot
HATS-17 b,0,Hot
HATS-18 b,0,Hot
HATS-2 b,0,Hot
HATS-22 b,0,Hot
HATS-23 b,0,Hot
HATS-24 b,0,Hot
HATS-25 b,0,Hot
HATS-26 b,0,Hot
HATS-27 b,0,Hot
HATS-28 b,0,Hot
HATS-29 b,0,Hot
HATS-3 b,0,Hot
HATS-30 b,0,Hot
HATS-31 b,0,Hot
HATS-32 b,0,Hot
HATS-33 b,0,Hot
HATS-34 b,0,Hot
HATS-35 b,0,Hot
HATS-36 b,0,Hot
HATS-39 b,0,Hot
HATS-4 b,0,Hot
HATS-40 b,0,Hot
HATS-41 b,0,Hot
HATS-42 b,0,Hot
HATS-43 b,0,Hot
HATS-44 b,0,Hot
HATS-45 b,0,Hot
HATS-46 b,0,Hot
HATS-5 b,0,Hot
HATS-50 b,0,Hot
HATS-51 b,0,Hot
HATS-52 b,0,Hot
HATS-53 b,0,Hot
HATS-54 b,0,Hot
HATS-55 b,0,Hot
HATS-56 b,0,Hot
HATS-57 b,0,Hot
HATS-58 A b,0,Hot
HATS-59 b,0,Hot
HATS-59 c,0,Cold
HATS-6 b,0,Hot
HATS-60 b,0,Hot
HATS-61 b,0,Hot
HATS-62 b,0,Hot
HATS-63 b,0,Hot
HATS-64 b,0,Hot
HATS-65 b,0,Hot
HATS-66 b,0,Hot
HATS-67 b,0,Hot
HATS-68 b,0,Hot
HATS-69 b,0,Hot
HATS-7 b,0,Hot
HATS-70 b,0,Hot
HATS-8 b,0,Hot
HATS-9 b,0,Hot
HD 100546 b,0,
HD 100655 b,0,Hot
HD 100777 b,2,Warm
HD 10180 c,0,Hot
HD 10180 d,0,Hot
HD 10180 e,0,Hot
HD 10180 f,0,Hot
HD 10180 g,2,Warm
HD 10180 h,0,Cold
HD 101930 b,0,Hot
HD 102117 b,0,Hot
HD 102195 b,0,Hot
HD 102272 b,0,Hot
HD 102329 b,0,Hot
HD 102329 c,0,Hot
HD 102365 b,0,Hot
HD 102843 b,0,
HD 102956 b,0,Hot
HD 103197 b,0,Hot
HD 103720 b,0,Hot
HD 103774 b,0,Hot
HD 103949 b,0,
HD 104067 b,0,Hot
HD 10442 b,2,Warm
HD 104985 b,0,Hot
HD 106252 b,0,Cold
HD 106270 b,2,Warm
HD 106315 b,0,Hot
HD 106315 c,0,Hot
HD 10647 b,2,Warm
HD 106515 A b,0,Cold
HD 106906 b,0,
HD 10697 b,2,Warm
HD 107148 b,0,Hot
HD 108147 b,0,Hot
HD 108341 b,0,Cold
HD 108863 b,0,Hot
HD 108874 b,2,Warm
HD 108874 c,0,Cold
HD 109246 b,0,Hot
HD 109271 b,0,Hot
HD 109271 c,0,Hot
HD 109749 b,0,Hot
HD 110014 b,0,Hot
HD 111232 b,0,Cold
HD 111591 b,0,Hot
HD 111998 b,2,Warm
HD 113337 b,0,Hot
HD 113538 b,0,Cold
HD 113538 c,0,Cold
HD 113996 b,0,Hot
HD 114386 b,0,Cold
HD 114613 b,0,Cold
HD 114729 b,2,Warm
HD 114762 b,0,Hot
HD 114783 b,0,
HD 114783 c,0,
HD 11506 b,0,Cold
HD 11506 c,0,Hot
HD 116029 b,0,Hot
HD 116029 c,0,Hot
HD 117207 b,0,Cold
HD 11755 b,0,Hot
HD 117618 b,0,Hot
HD 118203 b,0,Hot
HD 119130 b,0,Hot
HD 11964 b,0,Cold
HD 11964 c,0,Hot
HD 11977 b,0,Hot
HD 120084 b,0,Hot
HD 121504 b,0,Hot
HD 12484 b,0,Hot
HD 125595 b,0,Hot
HD 125612 b,2,Warm
HD 125612 c,0,Hot
HD 125612 d,0,Cold
HD 12648 b,0,Hot
HD 126525 b,0,Cold
HD 12661 b,0,Hot
HD 12661 c,0,Cold
HD 126614 b,0,Cold
HD 128311 b,0,
HD 128311 c,0,
HD 128356 b,2,Warm
HD 129445 b,0,
HD 130322 b,0,Hot
HD 131496 b,0,Hot
HD 131664 b,0,Cold
HD 13167 b,0,Cold
HD 13189 b,0,Hot
HD 132406 b,2,Warm
HD 132563 b,0,Cold
HD 133131 A b,2,Warm
HD 133131 A c,0,Cold
HD 133131 B b,0,Cold
HD 134060 b,0,Hot
HD 134060 c,0,Cold
HD 134987 b,0,Hot
HD 134987 c,0,Cold
HD 136352 b,0,Hot
HD 136352 c,0,Hot
HD 136352 d,0,Hot
HD 136418 b,0,Hot
HD 13724 b,0,Cold
HD 137388 b,2,Warm
HD 13908 b,0,Hot
HD 13908 c,2,Warm
HD 13931 b,0,Cold
HD 139357 b,0,Hot
HD 1397 b,0,Hot
HD 14067 b,0,Hot
HD 141399 b,0,Hot
HD 141399 c,0,Hot
HD 141399 d,0,Cold
HD 141399 e,0,Cold
HD 141937 b,2,Warm
HD 142 b,0,Hot
HD 142 c,0,Cold
HD 142022 A b,0,Cold
HD 142245 b,1,Warm
HD 142415 b,2,Warm
HD 143105 b,0,Hot
HD 143361 b,0,Cold
HD 145377 b,0,Hot
HD 145457 b,0,Hot
HD 145934 b,0,
HD 1461 b,0,Hot
HD 1461 c,0,Hot
HD 147018 b,0,Hot
HD 147018 c,0,Cold
HD 147379 b,0,
HD 147513 b,2,Warm
HD 14787 b,0,Hot
HD 147873 b,0,Hot
HD 147873 c,0,Hot
HD 148156 b,0,Cold
HD 148164 b,0,Hot
HD 148164 c,0,Cold
HD 148284 b,0,Hot
HD 148427 b,0,Hot
HD 149026 b,0,Hot
HD 149143 b,0,Hot
HD 1502 b,0,Hot
HD 150706 b,0,Cold
HD 152079 b,0,Cold
HD 152581 b,0,Hot
HD 15337 b,0,Hot
HD 15337 c,0,Hot
HD 153950 b,2,Warm
HD 154345 b,0,Cold
HD 154672 b,0,Hot
HD 154857 b,0,Hot
HD 154857 c,0,Cold
HD 155233 b,0,Hot
HD 155358 b,0,Hot
HD 155358 c,0,Hot
HD 156279 b,0,Hot
HD 156279 c,0,Cold
HD 156411 b,1,Warm
HD 156668 b,0,Hot
HD 156846 b,0,Hot
HD 158038 b,0,Hot
HD 158996 b,0,Hot
HD 159243 b,0,Hot
HD 159243 c,0,Hot
HD 159868 b,2,Warm
HD 159868 c,0,Hot
HD 1605 b,0,Hot
HD 1605 c,2,Warm
HD 160691 b,0,
HD 160691 c,0,
HD 160691 d,0,
HD 160691 e,0,
HD 16141 b,0,Hot
HD 16175 b,2,Warm
HD 162020 b,0,Hot
HD 163607 b,0,Hot
HD 163607 c,2,Warm
HD 16417 b,0,
HD 164509 b,1,Warm
HD 164595 b,0,Hot
HD 164604 b,0,
HD 164922 b,0,Cold
HD 164922 c,0,Hot
HD 165155 b,2,Warm
HD 1666 b,0,Hot
HD 166724 b,0,Cold
HD 167042 b,0,Hot
HD 168443 b,0,Hot
HD 168443 c,0,Cold
HD 168746 b,0,Hot
HD 1690 b,0,Hot
HD 169830 b,0,Hot
HD 169830 c,0,Cold
HD 170469 b,0,Cold
HD 17092 b,0,Hot
HD 171028 b,0,Hot
HD 171238 b,0,Cold
HD 17156 b,0,Hot
HD 173416 b,0,Hot
HD 175167 b,2,Warm
HD 175541 b,0,Hot
HD 175607 b,0,Hot
HD 17674 b,2,Warm
HD 176986 b,0,Hot
HD 176986 c,0,Hot
HD 177565 b,0,
HD 177830 b,0,Hot
HD 177830 c,0,Hot
HD 178911 B b,0,Hot
HD 179079 b,0,Hot
HD 179949 b,0,Hot
HD 180053 b,0,Hot
HD 18015 b,2,Warm
HD 180314 b,0,Hot
HD 180617 b,2,Warm
HD 180902 b,0,Hot
HD 181234 b,0,Cold
HD 181342 b,0,Hot
HD 181433 b,0,Hot
HD 181433 c,0,Cold
HD 181433 d,0,Cold
HD 181720 b,2,Warm
HD 183263 b,2,Warm
HD 183263 c,0,Cold
HD 185269 b,0,Hot
HD 187085 b,2,Warm
HD 187123 b,0,
HD 187123 c,0,
HD 18742 b,0,Hot
HD 188015 b,2,Warm
HD 189733 b,0,Hot
HD 190360 b,0,Cold
HD 190360 c,0,Hot
HD 190647 b,1,Warm
HD 190984 b,0,Cold
HD 191806 b,0,Cold
HD 192263 b,0,Hot
HD 192310 b,0,Hot
HD 192310 c,1,Warm
HD 192699 b,0,Hot
HD 195019 b,0,Hot
HD 196050 b,1,Warm
HD 196067 b,0,Cold
HD 196885 b,2,Warm
HD 197037 b,1,Warm
HD 19994 b,0,
HD 20003 b,0,Hot
HD 20003 c,0,Hot
HD 200964 b,0,Hot
HD 200964 c,0,Hot
HD 202206 c,0,Cold
HD 202696 b,0,Hot
HD 202696 c,0,Hot
HD 202772 A b,0,Hot
HD 203030 b,0,
HD 203473 b,0,Cold
HD 2039 b,0,Cold
HD 204313 b,0,Cold
HD 204313 c,0,Hot
HD 204941 b,0,Cold
HD 205739 b,0,Hot
HD 206255 b,0,
HD 206610 b,0,Hot
HD 20781 b,0,Hot
HD 20781 c,0,Hot
HD 20781 d,0,Hot
HD 20781 e,0,Hot
HD 20782 b,2,Warm
HD 207832 b,0,Hot
HD 207832 c,0,Cold
HD 20794 b,0,Hot
HD 20794 c,0,Hot
HD 20794 d,0,Hot
HD 20794 e,0,Hot
HD 208487 b,0,Hot
HD 208527 b,0,Hot
HD 20868 b,0,Cold
HD 208897 b,0,Hot
HD 209458 b,0,Hot
HD 210193 b,0,
HD 210277 b,2,Warm
HD 210702 b,0,Hot
HD 211810 b,0,Cold
HD 211970 b,0,
HD 212301 b,0,Hot
HD 212771 b,0,Hot
HD 213240 b,2,Warm
HD 21411 b,0,
HD 214823 b,2,Warm
HD 215152 b,0,Hot
HD 215152 c,0,Hot
HD 215152 d,0,Hot
HD 215152 e,0,Hot
HD 215497 b,0,Hot
HD 215497 c,0,Cold
HD 216435 b,2,Warm
HD 216437 b,1,Warm
HD 216536 b,0,Hot
HD 216770 b,0,Hot
HD 21693 b,0,Hot
HD 21693 c,0,Hot
HD 217107 b,0,Hot
HD 217107 c,0,Cold
HD 21749 c,0,Hot
HD 217786 b,0,Cold
HD 217850 b,0,Cold
HD 218566 b,2,Warm
HD 219077 b,0,Cold
HD 219134 b,0,Hot
HD 219134 c,0,Hot
HD 219134 d,0,Hot
HD 219134 f,0,Hot
HD 219134 g,0,Hot
HD 219134 h,0,Cold
HD 219415 b,2,Warm
HD 219666 b,0,Hot
HD 219828 b,0,Hot
HD 219828 c,0,Cold
HD 220074 b,0,Hot
HD 220689 b,0,Cold
HD 220773 b,0,Cold
HD 220842 b,0,Hot
HD 221287 b,2,Warm
HD 221416 b,0,Hot
HD 221420 b,0,Cold
HD 221585 b,2,Warm
HD 222076 b,0,Hot
HD 222155 b,0,Cold
HD 222582 b,2,Warm
HD 224538 b,2,Warm
HD 224693 b,0,Hot
HD 22781 b,0,Cold
HD 23079 b,2,Warm
HD 23127 b,2,Warm
HD 231701 b,0,Hot
HD 233604 b,0,Hot
HD 23472 b,0,
HD 23472 c,0,
HD 23596 b,1,Warm
HD 238914 b,0,Hot
HD 240210 b,0,Hot
HD 240237 b,0,Hot
HD 24040 b,0,Cold
HD 24064 b,0,Hot
HD 24085 b,0,
HD 25015 b,0,Cold
HD 25171 b,0,Cold
HD 2638 b,0,Hot
HD 2685 b,0,Hot
HD 26965 b,0,Hot
HD 27442 b,0,Hot
HD 27631 b,0,Cold
HD 27894 b,0,
HD 27894 c,0,
HD 27894 d,0,
HD 28185 b,2,Warm
HD 28254 b,2,Warm
HD 285507 b,0,Hot
HD 285968 b,0,Hot
HD 28678 b,0,Hot
HD 29021 b,0,Cold
HD 290327 b,0,Cold
HD 2952 b,0,Hot
HD 30177 b,0,Cold
HD 30177 c,0,Cold
HD 30562 b,2,Warm
HD 30669 b,0,Cold
HD 30856 b,0,Hot
HD 31253 b,0,Hot
HD 31527 b,0,Hot
HD 31527 c,0,Hot
HD 31527 d,1,Warm
HD 3167 b,0,Hot
HD 3167 c,0,Hot
HD 3167 d,0,Hot
HD 32518 b,0,Hot
HD 32963 b,0,Cold
HD 330075 b,0,Hot
HD 33142 b,0,Hot
HD 33142 c,0,Hot
HD 33283 b,0,Hot
HD 33564 b,0,Hot
HD 33844 b,0,Hot
HD 33844 c,0,Hot
HD 34445 b,2,Warm
HD 34445 c,0,Hot
HD 34445 d,0,Hot
HD 34445 e,0,Hot
HD 34445 f,2,Warm
HD 34445 g,0,Cold
HD 35759 b,0,Hot
HD 3651 b,0,Hot
HD 37124 b,0,
HD 37124 c,0,
HD 37124 d,0,
HD 37605 b,0,Hot
HD 37605 c,0,Cold
HD 38283 b,0,Hot
HD 38529 b,0,Hot
HD 38529 c,2,Warm
HD 38801 b,1,Warm
HD 39091 b,0,Cold
HD 39855 b,0,
HD 40307 b,0,Hot
HD 40307 c,0,Hot
HD 40307 d,0,Hot
HD 40307 f,0,Hot
HD 40307 g,2,Warm
HD 40956 b,0,Hot
HD 40979 b,0,Hot
HD 41004 A b,0,Cold
HD 41004 B b,0,
HD 4113 b,2,Warm
HD 42012 b,0,Cold
HD 4203 b,1,Warm
HD 4203 c,0,Cold
HD 4208 b,0,Cold
HD 42618 b,0,Hot
HD 4308 b,0,Hot
HD 4313 b,0,Hot
HD 43197 b,2,Warm
HD 43691 b,0,Hot
HD 44219 b,2,Warm
HD 45184 b,0,Hot
HD 45184 c,0,Hot
HD 45350 b,0,Cold
HD 45364 b,1,Warm
HD 45364 c,2,Warm
HD 45652 b,0,Hot
HD 46375 b,0,Hot
HD 47186 b,0,Hot
HD 47186 c,0,Cold
HD 4732 b,0,Hot
HD 4732 c,2,Warm
HD 47366 b,0,Hot
HD 47366 c,0,Hot
HD 47536 b,0,Hot
HD 48265 b,2,Warm
HD 4917 b,0,Hot
HD 49674 b,0,Hot
HD 50499 b,0,Cold
HD 50499 c,0,Cold
HD 50554 b,0,Cold
HD 51608 b,0,Hot
HD 51608 c,0,Hot
HD 52265 b,0,Hot
HD 5319 b,0,Hot
HD 5319 c,0,Hot
HD 55696 b,0,Cold
HD 5583 b,0,Hot
HD 5608 b,0,Hot
HD 564 b,2,Warm
HD 5891 b,0,Hot
HD 59686 A b,0,Hot
HD 60532 b,0,Hot
HD 60532 c,0,Hot
HD 62509 b,0,Hot
HD 63454 b,0,Hot
HD 63765 b,2,Warm
HD 64114 b,0,
HD 6434 b,0,Hot
HD 65216 b,2,Warm
HD 65216 c,0,Cold
HD 66141 b,0,Hot
HD 66428 b,0,Cold
HD 67087 b,0,Hot
HD 67087 c,0,Cold
HD 6718 b,0,Cold
HD 68402 b,0,Cold
HD 68988 b,0,Hot
HD 69830 b,0,
HD 69830 c,0,
HD 69830 d,0,
HD 70573 b,0,Cold
HD 70642 b,0,Cold
HD 7199 b,2,Warm
HD 72490 b,0,Hot
HD 72659 b,0,Cold
HD 72892 b,0,Hot
HD 73267 b,0,Cold
HD 73526 b,0,Hot
HD 73526 c,0,Hot
HD 73534 b,2,Warm
HD 74156 b,0,
HD 74156 c,0,
HD 7449 b,0,Cold
HD 75289 b,0,Hot
HD 75784 b,0,Hot
HD 75784 c,0,Cold
HD 75898 b,0,Hot
HD 76700 b,0,Hot
HD 76920 b,0,Hot
HD 77338 b,0,Hot
HD 7924 b,0,Hot
HD 7924 c,0,Hot
HD 7924 d,0,Hot
HD 79498 b,0,Cold
HD 80606 b,0,Hot
HD 81040 b,0,Cold
HD 81688 b,0,Hot
HD 82886 b,0,Hot
HD 82943 b,2,Warm
HD 82943 c,0,Hot
HD 8326 b,0,
HD 83443 b,0,Hot
HD 8535 b,0,Cold
HD 85390 b,0,Cold
HD 85512 b,0,Hot
HD 8574 b,0,Hot
HD 86081 b,0,Hot
HD 86226 b,0,Cold
HD 86264 b,2,Warm
HD 8673 b,0,Cold
HD 86950 b,0,Hot
HD 87646 b,0,Hot
HD 87883 b,0,Cold
HD 88133 b,0,Hot
HD 89307 b,0,Cold
HD 89345 b,0,Hot
HD 89744 b,0,Hot
HD 90156 b,0,Hot
HD 9174 b,2,Warm
HD 92788 b,1,Warm
HD 92788 c,0,Cold
HD 92987 b,0,Cold
HD 93083 b,0,Hot
HD 9446 b,0,Hot
HD 9446 c,0,Hot
HD 94834 b,1,Warm
HD 95086 b,0,
HD 95089 b,0,Hot
HD 95089 c,1,Warm
HD 95127 b,0,Hot
HD 95872 b,0,Cold
HD 96063 b,0,Hot
HD 96127 b,0,Hot
HD 96167 b,0,Hot
HD 97658 b,0,Hot
HD 98219 b,0,Hot
HD 98649 b,0,Cold
HD 98736 b,0,Cold
HD 99109 b,2,Warm
HD 99492 b,0,Hot
HD 99706 b,0,Hot
HD 99706 c,0,Hot
HIP 105854 b,0,Hot
HIP 107773 b,0,Hot
HIP 109384 b,2,Warm
HIP 109600 b,1,Warm
HIP 116454 b,0,Hot
HIP 12961 b,1,Warm
HIP 14810 b,0,Hot
HIP 14810 c,0,Hot
HIP 14810 d,0,Cold
HIP 35173 b,0,
HIP 41378 b,0,Hot
HIP 41378 c,0,Hot
HIP 41378 d,2,Warm
HIP 41378 e,0,
HIP 41378 f,2,Warm
HIP 5158 b,2,Warm
HIP 5158 c,0,Cold
HIP 54373 b,0,
HIP 54373 c,0,
HIP 57274 b,0,Hot
HIP 57274 c,0,Hot
HIP 57274 d,0,Cold
HIP 63242 b,0,Hot
HIP 65407 b,0,Hot
HIP 65407 c,0,Hot
HIP 65426 b,0,Cold
HIP 65891 b,0,Hot
HIP 67537 b,1,Warm
HIP 67851 b,0,Hot
HIP 67851 c,1,Warm
HIP 70849 b,0,
HIP 71135 b,0,
HIP 74890 b,0,Hot
HIP 78530 b,0,
HIP 79098 AB b,0,
HIP 79431 b,2,Warm
HIP 8541 b,0,Hot
HIP 91258 b,0,Hot
HIP 97233 b,0,Hot
HN Peg b,0,Cold
HR 2562 b,0,
HR 810 b,0,Hot
HR 858 b,0,Hot
HR 858 c,0,Hot
HR 858 d,0,Hot
HR 8799 b,0,
HR 8799 c,0,
HR 8799 d,0,
HR 8799 e,0,
IC 4651 9122 b,0,
iot Dra b,0,Hot
K2-10 b,0,Hot
K2-100 b,0,Hot
K2-101 b,0,Hot
K2-102 b,0,Hot
K2-104 b,0,Hot
K2-105 b,0,Hot
K2-107 b,0,Hot
K2-108 b,0,Hot
K2-11 b,0,Hot
K2-110 b,0,Hot
K2-111 b,0,Hot
K2-113 b,0,Hot
K2-114 b,0,Hot
K2-115 b,0,Hot
K2-116 b,0,Hot
K2-117 b,0,Hot
K2-117 c,0,Hot
K2-118 b,0,Hot
K2-119 b,0,Hot
K2-12 b,0,Hot
K2-120 b,0,Hot
K2-121 b,0,Hot
K2-122 b,0,Hot
K2-123 b,0,Hot
K2-124 b,0,Hot
K2-125 b,0,Hot
K2-126 b,0,Hot
K2-127 b,0,Hot
K2-128 b,0,Hot
K2-129 b,0,Hot
K2-13 b,0,Hot
K2-130 b,0,Hot
K2-131 b,0,Hot
K2-132 b,0,Hot
K2-133 b,0,Hot
K2-133 c,0,Hot
K2-133 d,0,Hot
K2-133 e,0,Hot
K2-136 b,0,Hot
K2-136 c,0,Hot
K2-136 d,0,Hot
K2-137 b,0,Hot
K2-138 b,0,Hot
K2-138 c,0,Hot
K2-138 d,0,Hot
K2-138 e,0,Hot
K2-138 f,0,Hot
K2-139 b,0,Hot
K2-14 b,0,Hot
K2-140 b,0,Hot
K2-141 b,0,Hot
K2-141 c,0,Hot
K2-146 b,0,Hot
K2-146 c,0,Hot
K2-147 b,0,Hot
K2-148 b,0,Hot
K2-148 c,0,Hot
K2-148 d,0,Hot
K2-149 b,0,Hot
K2-15 b,0,Hot
K2-150 b,0,Hot
K2-151 b,0,Hot
K2-152 b,0,Hot
K2-153 b,0,Hot
K2-154 b,0,Hot
K2-154 c,0,Hot
K2-155 b,0,Hot
K2-155 c,0,Hot
K2-155 d,0,Hot
K2-156 b,0,Hot
K2-157 b,0,Hot
K2-158 b,0,Hot
K2-158 c,0,Hot
K2-159 b,0,Hot
K2-16 b,0,
K2-16 c,0,
K2-160 b,0,Hot
K2-161 b,0,Hot
K2-162 b,0,Hot
K2-163 b,0,Hot
K2-164 b,0,Hot
K2-165 b,0,Hot
K2-165 c,0,Hot
K2-165 d,0,Hot
K2-166 b,0,
K2-167 b,0,Hot
K2-168 b,0,Hot
K2-169 b,0,Hot
K2-17 b,0,Hot
K2-170 b,0,Hot
K2-170 c,0,Hot
K2-171 b,0,Hot
K2-172 b,0,Hot
K2-172 c,0,Hot
K2-173 b,0,Hot
K2-174 b,0,Hot
K2-175 b,0,Hot
K2-176 b,0,Hot
K2-177 b,0,Hot
K2-178 b,0,Hot
K2-179 b,0,Hot
K2-18 b,1,Warm
K2-18 c,0,Hot
K2-180 b,0,Hot
K2-181 b,0,Hot
K2-182 b,0,Hot
K2-183 b,0,Hot
K2-183 c,0,Hot
K2-183 d,0,Hot
K2-184 b,0,Hot
K2-185 b,0,Hot
K2-186 b,0,Hot
K2-187 b,0,Hot
K2-187 c,0,Hot
K2-187 d,0,Hot
K2-187 e,0,Hot
K2-188 b,0,Hot
K2-188 c,0,Hot
K2-189 b,0,Hot
K2-189 c,0,Hot
K2-19 b,0,Hot
K2-19 c,0,Hot
K2-19 d,0,Hot
K2-190 b,0,Hot
K2-190 c,0,Hot
K2-191 b,0,Hot
K2-192 b,0,Hot
K2-193 b,0,Hot
K2-194 b,0,Hot
K2-195 b,0,Hot
K2-195 c,0,Hot
K2-196 b,0,Hot
K2-197 b,0,Hot
K2-198 b,0,Hot
K2-198 c,0,Hot
K2-198 d,0,Hot
K2-199 b,0,Hot
K2-199 c,0,Hot
K2-200 b,0,Hot
K2-201 b,0,Hot
K2-201 c,0,Hot
K2-202 b,0,Hot
K2-203 b,0,Hot
K2-204 b,0,Hot
K2-205 b,0,Hot
K2-206 b,0,Hot
K2-207 b,0,Hot
K2-208 b,0,Hot
K2-209 b,0,Hot
K2-21 b,0,Hot
K2-21 c,0,Hot
K2-210 b,0,Hot
K2-211 b,0,Hot
K2-212 b,0,Hot
K2-213 b,0,Hot
K2-214 b,0,Hot
K2-215 b,0,Hot
K2-216 b,0,Hot
K2-217 b,0,Hot
K2-218 b,0,Hot
K2-219 b,0,Hot
K2-219 c,0,Hot
K2-219 d,0,Hot
K2-22 b,0,Hot
K2-220 b,0,Hot
K2-221 b,0,Hot
K2-222 b,0,Hot
K2-223 b,0,Hot
K2-223 c,0,Hot
K2-224 b,0,Hot
K2-224 c,0,Hot
K2-225 b,0,Hot
K2-226 b,0,Hot
K2-227 b,0,Hot
K2-228 b,0,Hot
K2-229 b,0,Hot
K2-229 c,0,Hot
K2-230 b,0,Hot
K2-231 b,0,Hot
K2-232 b,0,Hot
K2-233 b,0,Hot
K2-233 c,0,Hot
K2-233 d,0,Hot
K2-237 b,0,Hot
K2-238 b,0,Hot
K2-239 b,0,Hot
K2-239 c,0,Hot
K2-239 d,0,Hot
K2-24 b,0,Hot
K2-24 c,0,Hot
K2-240 b,0,Hot
K2-240 c,0,Hot
K2-241 b,0,Hot
K2-242 b,0,Hot
K2-243 b,0,Hot
K2-243 c,0,Hot
K2-244 b,0,Hot
K2-245 b,0,Hot
K2-246 b,0,Hot
K2-247 b,0,Hot
K2-247 c,0,Hot
K2-248 b,0,Hot
K2-249 b,0,Hot
K2-25 b,0,Hot
K2-250 b,0,Hot
K2-251 b,0,Hot
K2-252 b,0,Hot
K2-253 b,0,Hot
K2-254 b,0,Hot
K2-254 c,0,Hot
K2-255 b,0,Hot
K2-256 b,0,Hot
K2-257 b,0,Hot
K2-258 b,0,Hot
K2-259 b,0,Hot
K2-26 b,0,Hot
K2-260 b,0,Hot
K2-261 b,0,Hot
K2-263 b,0,Hot
K2-264 b,0,Hot
K2-264 c,0,Hot
K2-265 b,0,Hot
K2-266 b,0,Hot
K2-266 c,0,Hot
K2-266 d,0,Hot
K2-266 e,0,Hot
K2-268 b,0,Hot
K2-268 c,0,Hot
K2-269 b,0,Hot
K2-27 b,0,Hot
K2-270 b,0,Hot
K2-270 c,0,Hot
K2-271 b,0,Hot
K2-272 b,0,Hot
K2-273 b,0,Hot
K2-274 b,0,Hot
K2-275 b,0,Hot
K2-275 c,0,Hot
K2-276 b,0,Hot
K2-277 b,0,Hot
K2-278 b,0,Hot
K2-279 b,0,Hot
K2-28 b,0,Hot
K2-280 b,0,Hot
K2-281 b,0,Hot
K2-282 b,0,
K2-283 b,0,Hot
K2-284 b,0,Hot
K2-285 b,0,Hot
K2-285 c,0,Hot
K2-285 d,0,Hot
K2-285 e,0,Hot
K2-286 b,0,Hot
K2-287 b,0,Hot
K2-288 B b,2,Warm
K2-289 b,0,Hot
K2-29 b,0,Hot
K2-290 b,0,Hot
K2-290 c,0,Hot
K2-291 b,0,Hot
K2-293 b,0,Hot
K2-294 b,0,Hot
K2-295 b,0,Hot
K2-296 b,1,Warm
K2-296 c,0,Hot
K2-3 b,0,Hot
K2-3 c,0,Hot
K2-3 d,1,Warm
K2-30 b,0,Hot
K2-31 b,0,Hot
K2-32 b,0,
K2-32 c,0,
K2-32 d,0,
K2-32 e,0,
K2-33 b,0,Hot
K2-34 b,0,Hot
K2-35 b,0,Hot
K2-35 c,0,Hot
K2-36 b,0,Hot
K2-36 c,0,Hot
K2-37 b,0,Hot
K2-37 c,0,Hot
K2-37 d,0,Hot
K2-38 b,0,Hot
K2-38 c,0,Hot
K2-39 b,0,Hot
K2-4 b,0,Hot
K2-42 b,0,Hot
K2-43 b,0,Hot
K2-43 c,0,Hot
K2-44 b,0,Hot
K2-45 b,0,Hot
K2-46 b,0,Hot
K2-47 b,0,Hot
K2-48 b,0,Hot
K2-49 b,0,Hot
K2-5 b,0,Hot
K2-5 c,0,Hot
K2-50 b,0,
K2-52 b,0,Hot
K2-53 b,0,Hot
K2-54 b,0,Hot
K2-55 b,0,Hot
K2-57 b,0,Hot
K2-58 b,0,Hot
K2-58 c,0,Hot
K2-58 d,0,Hot
K2-59 b,0,Hot
K2-59 c,0,Hot
K2-6 b,0,Hot
K2-60 b,0,Hot
K2-61 b,0,Hot
K2-62 b,0,Hot
K2-62 c,0,Hot
K2-63 b,0,Hot
K2-63 c,0,Hot
K2-64 b,0,Hot
K2-65 b,0,Hot
K2-66 b,0,Hot
K2-68 b,0,Hot
K2-69 b,0,Hot
K2-7 b,0,Hot
K2-70 b,0,Hot
K2-71 b,0,Hot
K2-72 b,0,Hot
K2-72 c,0,Hot
K2-72 d,0,Hot
K2-72 e,1,Warm
K2-73 b,0,Hot
K2-74 b,0,Hot
K2-75 b,0,Hot
K2-75 c,0,Hot
K2-77 b,0,Hot
K2-79 b,0,Hot
K2-8 b,0,Hot
K2-8 c,0,Hot
K2-80 b,0,Hot
K2-80 c,0,Hot
K2-80 d,0,Hot
K2-81 b,0,Hot
K2-83 b,0,Hot
K2-83 c,0,Hot
K2-84 b,0,Hot
K2-84 c,0,Hot
K2-85 b,0,Hot
K2-86 b,0,Hot
K2-87 b,0,Hot
K2-88 b,0,Hot
K2-89 b,0,Hot
K2-9 b,1,Warm
K2-90 b,0,Hot
K2-90 c,0,Hot
K2-91 b,0,Hot
K2-95 b,0,Hot
K2-97 b,0,Hot
K2-98 b,0,Hot
K2-99 b,0,Hot
kap And b,0,Cold
kap CrB b,0,Hot
Kapteyn c,0,Cold
KELT-1 b,0,Hot
KELT-10 b,0,Hot
KELT-11 b,0,Hot
KELT-12 b,0,Hot
KELT-14 b,0,Hot
KELT-15 b,0,Hot
KELT-16 b,0,Hot
KELT-17 b,0,Hot
KELT-18 b,0,Hot
KELT-19 A b,0,Hot
KELT-2 A b,0,Hot
KELT-20 b,0,Hot
KELT-21 b,0,Hot
KELT-23 A b,0,Hot
KELT-3 b,0,Hot
KELT-4 A b,0,Hot
KELT-6 b,0,Hot
KELT-6 c,2,Warm
KELT-7 b,0,Hot
KELT-8 b,0,Hot
KELT-9 b,0,Hot
Kepler-10 b,0,Hot
Kepler-10 c,0,Hot
Kepler-100 b,0,Hot
Kepler-100 c,0,Hot
Kepler-100 d,0,Hot
Kepler-1000 b,0,Hot
Kepler-1001 b,0,Hot
Kepler-1002 b,0,Hot
Kepler-1003 b,0,Hot
Kepler-1004 b,0,Hot
Kepler-1005 b,0,Hot
Kepler-1006 b,0,Hot
Kepler-1007 b,0,Hot
Kepler-1008 b,0,Hot
Kepler-1009 b,0,Hot
Kepler-101 b,0,Hot
Kepler-101 c,0,Hot
Kepler-1010 b,0,Hot
Kepler-1011 b,0,Hot
Kepler-1012 b,0,Hot
Kepler-1013 b,0,Hot
Kepler-1014 b,0,Hot
Kepler-1015 b,0,Hot
Kepler-1016 b,0,Hot
Kepler-1016 c,0,Hot
Kepler-1017 b,0,Hot
Kepler-1018 b,0,Hot
Kepler-1019 b,0,Hot
Kepler-102 b,0,Hot
Kepler-102 c,0,Hot
Kepler-102 d,0,Hot
Kepler-102 e,0,Hot
Kepler-102 f,0,Hot
Kepler-1020 b,0,Hot
Kepler-1021 b,0,Hot
Kepler-1022 b,0,Hot
Kepler-1023 b,0,Hot
Kepler-1024 b,0,Hot
Kepler-1025 b,0,Hot
Kepler-1026 b,0,Hot
Kepler-1027 b,0,Hot
Kepler-1028 b,0,Hot
Kepler-1029 b,0,Hot
Kepler-103 b,0,Hot
Kepler-103 c,0,Hot
Kepler-1030 b,0,Hot
Kepler-1031 b,0,Hot
Kepler-1032 b,0,Hot
Kepler-1033 b,0,Hot
Kepler-1034 b,0,Hot
Kepler-1035 b,0,Hot
Kepler-1036 b,0,Hot
Kepler-1037 b,0,Hot
Kepler-1038 b,0,Hot
Kepler-1039 b,0,Hot
Kepler-104 b,0,Hot
Kepler-104 c,0,Hot
Kepler-104 d,0,Hot
Kepler-1040 b,0,Hot
Kepler-1041 b,0,Hot
Kepler-1042 b,0,Hot
Kepler-1043 b,0,Hot
Kepler-1044 b,0,Hot
Kepler-1045 b,0,Hot
Kepler-1046 b,0,Hot
Kepler-1047 b,0,Hot
Kepler-1047 c,0,Hot
Kepler-1048 b,0,Hot
Kepler-1049 b,0,Hot
Kepler-105 b,0,Hot
Kepler-105 c,0,Hot
Kepler-1050 b,0,Hot
Kepler-1050 c,0,Hot
Kepler-1051 b,0,Hot
Kepler-1052 b,0,Hot
Kepler-1053 b,0,Hot
Kepler-1054 b,0,Hot
Kepler-1055 b,0,Hot
Kepler-1056 b,0,Hot
Kepler-1057 b,0,Hot
Kepler-1058 b,1,Warm
Kepler-1059 b,0,Hot
Kepler-106 b,0,Hot
Kepler-106 c,0,Hot
Kepler-106 d,0,Hot
Kepler-106 e,0,Hot
Kepler-1060 b,0,Hot
Kepler-1061 b,0,Hot
Kepler-1062 b,0,Hot
Kepler-1063 b,0,Hot
Kepler-1064 b,0,Hot
Kepler-1065 b,0,Hot
Kepler-1065 c,0,Hot
Kepler-1066 b,0,Hot
Kepler-1067 b,0,Hot
Kepler-1068 b,0,Hot
Kepler-1069 b,0,Hot
Kepler-107 b,0,Hot
Kepler-107 c,0,Hot
Kepler-107 d,0,Hot
Kepler-107 e,0,Hot
Kepler-1070 b,0,Hot
Kepler-1071 b,0,Hot
Kepler-1072 b,0,Hot
Kepler-1073 b,0,Hot
Kepler-1073 c,0,Hot
Kepler-1074 b,0,Hot
Kepler-1075 b,0,Hot
Kepler-1076 b,0,Hot
Kepler-1077 b,0,Hot
Kepler-1078 b,0,Hot
Kepler-1079 b,0,Hot
Kepler-108 b,0,Hot
Kepler-108 c,0,Hot
Kepler-1080 b,0,Hot
Kepler-1081 b,0,Hot
Kepler-1082 b,0,Hot
Kepler-1083 b,0,Hot
Kepler-1084 b,0,Hot
Kepler-1085 b,0,Hot
Kepler-1086 b,0,Hot
Kepler-1086 c,2,Warm
Kepler-1087 b,0,Hot
Kepler-1088 b,0,Hot
Kepler-1089 b,0,Hot
Kepler-109 b,0,Hot
Kepler-109 c,0,Hot
Kepler-1090 b,1,Warm
Kepler-1091 b,0,Hot
Kepler-1092 b,0,Hot
Kepler-1093 b,0,Hot
Kepler-1093 c,0,Hot
Kepler-1094 b,0,Hot
Kepler-1095 b,0,Hot
Kepler-1096 b,0,Hot
Kepler-1097 b,1,Warm
Kepler-1098 b,0,Hot
Kepler-1099 b,0,Hot
Kepler-11 b,0,Hot
Kepler-11 c,0,Hot
Kepler-11 d,0,Hot
Kepler-11 e,0,Hot
Kepler-11 f,0,Hot
Kepler-11 g,0,Hot
Kepler-110 b,0,Hot
Kepler-110 c,0,Hot
Kepler-1100 b,0,Hot
Kepler-1101 b,0,Hot
Kepler-1102 b,0,Hot
Kepler-1103 b,0,Hot
Kepler-1104 b,0,Hot
Kepler-1105 b,0,Hot
Kepler-1106 b,0,Hot
Kepler-1107 b,0,Hot
Kepler-1108 b,0,Hot
Kepler-1109 b,0,Hot
Kepler-111 b,0,Hot
Kepler-111 c,0,Hot
Kepler-1110 b,0,Hot
Kepler-1111 b,0,Hot
Kepler-1112 b,0,Hot
Kepler-1113 b,0,Hot
Kepler-1114 b,0,Hot
Kepler-1115 b,0,Hot
Kepler-1116 b,0,Hot
Kepler-1117 b,0,Hot
Kepler-1118 b,0,Hot
Kepler-1119 b,0,Hot
Kepler-112 b,0,Hot
Kepler-112 c,0,Hot
Kepler-1120 b,0,Hot
Kepler-1121 b,0,Hot
Kepler-1122 b,0,Hot
Kepler-1123 b,0,Hot
Kepler-1124 b,0,Hot
Kepler-1125 b,0,Hot
Kepler-1126 b,0,Hot
Kepler-1127 b,0,Hot
Kepler-1128 b,0,Hot
Kepler-1129 b,0,Hot
Kepler-1129 c,0,Hot
Kepler-113 b,0,Hot
Kepler-113 c,0,Hot
Kepler-1130 b,0,Hot
Kepler-1131 b,0,Hot
Kepler-1132 b,0,Hot
Kepler-1133 b,0,Hot
Kepler-1134 b,0,Hot
Kepler-1135 b,0,Hot
Kepler-1136 b,0,Hot
Kepler-1137 b,0,Hot
Kepler-1138 b,0,Hot
Kepler-1139 b,0,Hot
Kepler-114 b,0,Hot
Kepler-114 c,0,
Kepler-114 d,0,
Kepler-1140 b,0,Hot
Kepler-1141 b,0,Hot
Kepler-1142 b,0,Hot
Kepler-1143 b,0,Hot
Kepler-1143 c,2,Warm
Kepler-1144 b,0,Hot
Kepler-1145 b,0,Hot
Kepler-1146 b,0,Hot
Kepler-1147 b,0,Hot
Kepler-1148 b,0,Hot
Kepler-1149 b,0,Hot
Kepler-115 b,0,Hot
Kepler-115 c,0,Hot
Kepler-1150 b,0,Hot
Kepler-1151 b,0,Hot
Kepler-1152 b,0,Hot
Kepler-1153 b,0,Hot
Kepler-1154 b,0,Hot
Kepler-1154 c,0,Hot
Kepler-1155 b,0,Hot
Kepler-1156 b,0,Hot
Kepler-1157 b,0,Hot
Kepler-1158 b,0,Hot
Kepler-1159 b,0,Hot
Kepler-116 b,0,Hot
Kepler-116 c,0,Hot
Kepler-1160 b,0,Hot
Kepler-1161 b,0,Hot
Kepler-1162 b,0,Hot
Kepler-1163 b,0,Hot
Kepler-1164 b,0,Hot
Kepler-1165 b,0,Hot
Kepler-1166 b,0,Hot
Kepler-1167 b,0,Hot
Kepler-1168 b,0,Hot
Kepler-1169 b,0,Hot
Kepler-117 b,0,Hot
Kepler-117 c,0,Hot
Kepler-1170 b,0,Hot
Kepler-1171 b,0,Hot
Kepler-1172 b,0,Hot
Kepler-1173 b,0,Hot
Kepler-1174 b,0,Hot
Kepler-1175 b,0,Hot
Kepler-1176 b,0,Hot
Kepler-1177 b,0,Hot
Kepler-1178 b,0,Hot
Kepler-1179 b,0,Hot
Kepler-118 b,0,Hot
Kepler-118 c,0,Hot
Kepler-1180 b,0,Hot
Kepler-1181 b,0,Hot
Kepler-1182 b,0,Hot
Kepler-1183 b,0,Hot
Kepler-1184 b,0,Hot
Kepler-1185 b,0,Hot
Kepler-1186 b,0,Hot
Kepler-1187 b,0,Hot
Kepler-1188 b,0,Hot
Kepler-1189 b,0,Hot
Kepler-119 b,0,Hot
Kepler-119 c,0,Hot
Kepler-1190 b,0,Hot
Kepler-1191 b,0,Hot
Kepler-1192 b,0,Hot
Kepler-1193 b,0,Hot
Kepler-1194 b,0,Hot
Kepler-1195 b,0,Hot
Kepler-1196 b,0,Hot
Kepler-1197 b,0,Hot
Kepler-1198 b,0,Hot
Kepler-1199 b,0,Hot
Kepler-12 b,0,Hot
Kepler-120 b,0,Hot
Kepler-120 c,0,Hot
Kepler-1200 b,0,Hot
Kepler-1201 b,0,Hot
Kepler-1202 b,0,Hot
Kepler-1203 b,0,Hot
Kepler-1204 b,0,Hot
Kepler-1205 b,0,Hot
Kepler-1206 b,0,Hot
Kepler-1207 b,0,Hot
Kepler-1208 b,0,Hot
Kepler-1209 b,0,Hot
Kepler-121 b,0,Hot
Kepler-121 c,0,Hot
Kepler-1210 b,0,Hot
Kepler-1211 b,0,Hot
Kepler-1212 b,0,Hot
Kepler-1213 b,0,Hot
Kepler-1214 b,0,Hot
Kepler-1215 b,0,Hot
Kepler-1216 b,0,Hot
Kepler-1217 b,0,Hot
Kepler-1218 b,0,Hot
Kepler-1219 b,0,Hot
Kepler-122 b,0,Hot
Kepler-122 c,0,Hot
Kepler-122 d,0,Hot
Kepler-122 e,0,Hot
Kepler-122 f,0,
Kepler-1220 b,0,Hot
Kepler-1221 b,0,Hot
Kepler-1222 b,0,Hot
Kepler-1223 b,0,Hot
Kepler-1224 b,0,Hot
Kepler-1225 b,0,Hot
Kepler-1226 b,0,Hot
Kepler-1227 b,0,Hot
Kepler-1228 b,0,Hot
Kepler-1229 b,2,Warm
Kepler-123 b,0,Hot
Kepler-123 c,0,Hot
Kepler-1230 b,0,Hot
Kepler-1231 b,0,Hot
Kepler-1232 b,0,Hot
Kepler-1233 b,0,Hot
Kepler-1234 b,0,Hot
Kepler-1235 b,0,Hot
Kepler-1236 b,0,Hot
Kepler-1237 b,0,Hot
Kepler-1238 b,0,Hot
Kepler-1239 b,0,Hot
Kepler-124 b,0,Hot
Kepler-124 c,0,Hot
Kepler-124 d,0,Hot
Kepler-1240 b,0,Hot
Kepler-1241 b,0,Hot
Kepler-1242 b,0,Hot
Kepler-1243 b,0,Hot
Kepler-1244 b,0,Hot
Kepler-1245 b,0,Hot
Kepler-1245 c,0,Hot
Kepler-1246 b,0,Hot
Kepler-1247 b,0,Hot
Kepler-1248 b,0,Hot
Kepler-1249 b,0,Hot
Kepler-125 b,0,Hot
Kepler-125 c,0,Hot
Kepler-1250 b,0,Hot
Kepler-1251 b,0,Hot
Kepler-1252 b,0,Hot
Kepler-1253 b,0,Hot
Kepler-1254 b,0,Hot
Kepler-1254 c,0,Hot
Kepler-1254 d,0,Hot
Kepler-1255 b,0,Hot
Kepler-1256 b,0,Hot
Kepler-1257 b,0,Hot
Kepler-1258 b,0,Hot
Kepler-1259 b,0,Hot
Kepler-126 b,0,Hot
Kepler-126 c,0,Hot
Kepler-126 d,0,Hot
Kepler-1260 b,0,Hot
Kepler-1261 b,0,Hot
Kepler-1262 b,0,Hot
Kepler-1263 b,0,Hot
Kepler-1264 b,0,Hot
Kepler-1265 b,0,Hot
Kepler-1266 b,0,Hot
Kepler-1267 b,0,Hot
Kepler-1268 b,0,Hot
Kepler-1269 b,0,Hot
Kepler-127 b,0,Hot
Kepler-127 c,0,Hot
Kepler-127 d,0,Hot
Kepler-1270 b,0,Hot
Kepler-1271 b,0,Hot
Kepler-1272 b,0,Hot
Kepler-1273 b,0,Hot
Kepler-1274 b,0,Hot
Kepler-1275 b,0,Hot
Kepler-1276 b,0,Hot
Kepler-1277 b,0,Hot
Kepler-1278 b,0,Hot
Kepler-1279 b,0,Hot
Kepler-128 b,0,
Kepler-128 c,0,
Kepler-1280 b,0,Hot
Kepler-1281 b,0,Hot
Kepler-1282 b,0,Hot
Kepler-1283 b,0,Hot
Kepler-1284 b,0,Hot
Kepler-1285 b,0,Hot
Kepler-1286 b,0,Hot
Kepler-1287 b,0,Hot
Kepler-1288 b,0,Hot
Kepler-1289 b,0,Hot
Kepler-129 b,0,Hot
Kepler-129 c,0,Hot
Kepler-1290 b,0,Hot
Kepler-1291 b,0,Hot
Kepler-1292 b,0,Hot
Kepler-1293 b,0,Hot
Kepler-1294 b,0,Hot
Kepler-1295 b,0,Hot
Kepler-1296 b,0,Hot
Kepler-1297 b,0,Hot
Kepler-1298 b,0,Hot
Kepler-1299 b,0,Hot
Kepler-130 b,0,Hot
Kepler-130 c,0,Hot
Kepler-130 d,0,Hot
Kepler-1300 b,0,Hot
Kepler-1301 b,0,Hot
Kepler-1302 b,0,Hot
Kepler-1303 b,0,Hot
Kepler-1304 b,0,Hot
Kepler-1305 b,0,Hot
Kepler-1306 b,0,Hot
Kepler-1307 b,0,Hot
Kepler-1308 b,0,Hot
Kepler-1309 b,0,Hot
Kepler-131 b,0,Hot
Kepler-131 c,0,Hot
Kepler-1310 b,0,Hot
Kepler-1311 b,0,Hot
Kepler-1311 c,0,Hot
Kepler-1312 b,0,Hot
Kepler-1313 b,0,Hot
Kepler-1314 b,0,Hot
Kepler-1315 b,0,Hot
Kepler-1316 b,0,Hot
Kepler-1317 b,0,Hot
Kepler-1318 b,2,Warm
Kepler-1319 b,0,Hot
Kepler-132 b,0,Hot
Kepler-132 c,0,Hot
Kepler-132 d,0,Hot
Kepler-132 e,0,
Kepler-1320 b,0,Hot
Kepler-1321 b,0,Hot
Kepler-1321 c,0,Hot
Kepler-1322 b,0,Hot
Kepler-1323 b,0,Hot
Kepler-1324 b,0,Hot
Kepler-1325 b,0,Hot
Kepler-1326 b,0,Hot
Kepler-1327 b,0,Hot
Kepler-1328 b,0,Hot
Kepler-1329 b,0,Hot
Kepler-133 b,0,Hot
Kepler-133 c,0,Hot
Kepler-1330 b,0,Hot
Kepler-1331 b,0,Hot
Kepler-1332 b,0,Hot
Kepler-1333 b,0,Hot
Kepler-1334 b,0,Hot
Kepler-1335 b,0,Hot
Kepler-1336 b,0,Hot
Kepler-1336 c,0,Hot
Kepler-1337 b,0,Hot
Kepler-1338 b,0,Hot
Kepler-1339 b,0,Hot
Kepler-134 b,0,Hot
Kepler-134 c,0,Hot
Kepler-1340 b,0,Hot
Kepler-1341 b,2,Warm
Kepler-1342 b,0,Hot
Kepler-1343 b,0,Hot
Kepler-1344 b,0,Hot
Kepler-1345 b,0,Hot
Kepler-1346 b,0,Hot
Kepler-1347 b,0,Hot
Kepler-1348 b,0,Hot
Kepler-1349 b,0,Hot
Kepler-135 b,0,Hot
Kepler-135 c,0,Hot
Kepler-1350 b,0,Hot
Kepler-1350 c,0,Hot
Kepler-1351 b,0,Hot
Kepler-1352 b,0,Hot
Kepler-1353 b,0,Hot
Kepler-1354 b,0,Hot
Kepler-1355 b,0,Hot
Kepler-1356 b,0,Hot
Kepler-1357 b,0,Hot
Kepler-1358 b,0,Hot
Kepler-1359 b,0,Hot
Kepler-136 b,0,Hot
Kepler-136 c,0,Hot
Kepler-1360 b,0,Hot
Kepler-1361 b,0,Hot
Kepler-1362 b,1,Warm
Kepler-1363 b,0,Hot
Kepler-1364 b,0,Hot
Kepler-1365 b,0,Hot
Kepler-1365 c,0,Hot
Kepler-1366 b,0,Hot
Kepler-1367 b,0,Hot
Kepler-1368 b,0,Hot
Kepler-1369 b,0,Hot
Kepler-137 b,0,Hot
Kepler-137 c,0,Hot
Kepler-1370 b,0,Hot
Kepler-1370 c,0,Hot
Kepler-1371 b,0,Hot
Kepler-1371 c,0,Hot
Kepler-1372 b,0,Hot
Kepler-1373 b,0,Hot
Kepler-1374 b,0,Hot
Kepler-1375 b,0,Hot
Kepler-1376 b,0,Hot
Kepler-1377 b,0,Hot
Kepler-1378 b,0,Hot
Kepler-1379 b,0,Hot
Kepler-138 b,0,Hot
Kepler-138 c,0,Hot
Kepler-138 d,0,Hot
Kepler-1380 b,0,Hot
Kepler-1381 b,0,Hot
Kepler-1382 b,0,Hot
Kepler-1383 b,0,Hot
Kepler-1384 b,0,Hot
Kepler-1385 b,0,Hot
Kepler-1386 b,0,Hot
Kepler-1387 b,0,Hot
Kepler-1388 b,0,Hot
Kepler-1388 c,0,Hot
Kepler-1388 d,0,Hot
Kepler-1388 e,0,Hot
Kepler-1389 b,0,Hot
Kepler-139 b,0,Hot
Kepler-139 c,0,Hot
Kepler-1390 b,0,Hot
Kepler-1391 b,0,Hot
Kepler-1392 b,0,Hot
Kepler-1393 b,0,Hot
Kepler-1394 b,0,Hot
Kepler-1395 b,0,Hot
Kepler-1396 b,0,Hot
Kepler-1397 b,0,Hot
Kepler-1398 b,0,Hot
Kepler-1398 c,0,Hot
Kepler-1399 b,0,Hot
Kepler-14 b,0,Hot
Kepler-140 b,0,Hot
Kepler-140 c,0,Hot
Kepler-1400 b,0,Hot
Kepler-1401 b,0,Hot
Kepler-1402 b,0,Hot
Kepler-1403 b,0,Hot
Kepler-1404 b,0,Hot
Kepler-1405 b,0,Hot
Kepler-1406 b,0,Hot
Kepler-1407 b,0,Hot
Kepler-1408 b,0,Hot
Kepler-1409 b,0,Hot
Kepler-141 b,0,Hot
Kepler-141 c,0,Hot
Kepler-1410 b,1,Warm
Kepler-1411 b,0,Hot
Kepler-1412 b,0,Hot
Kepler-1413 b,0,Hot
Kepler-1414 b,0,Hot
Kepler-1415 b,0,Hot
Kepler-1416 b,0,Hot
Kepler-1417 b,0,Hot
Kepler-1418 b,0,Hot
Kepler-1419 b,0,Hot
Kepler-142 b,0,Hot
Kepler-142 c,0,Hot
Kepler-142 d,0,Hot
Kepler-1420 b,0,Hot
Kepler-1421 b,0,Hot
Kepler-1422 b,0,Hot
Kepler-1423 b,0,Hot
Kepler-1424 b,0,Hot
Kepler-1425 b,0,Hot
Kepler-1426 b,0,Hot
Kepler-1427 b,0,Hot
Kepler-1428 b,0,Hot
Kepler-1429 b,0,Hot
Kepler-143 b,0,Hot
Kepler-143 c,0,Hot
Kepler-1430 b,0,Hot
Kepler-1431 b,0,Hot
Kepler-1432 b,0,Hot
Kepler-1433 b,0,Hot
Kepler-1434 b,0,Hot
Kepler-1435 b,0,Hot
Kepler-1436 b,0,Hot
Kepler-1437 b,0,Hot
Kepler-1438 b,0,Hot
Kepler-1439 b,0,Hot
Kepler-144 b,0,Hot
Kepler-144 c,0,Hot
Kepler-1440 b,0,Hot
Kepler-1441 b,0,Hot
Kepler-1442 b,0,Hot
Kepler-1443 b,0,Hot
Kepler-1444 b,0,Hot
Kepler-1445 b,0,Hot
Kepler-1446 b,0,Hot
Kepler-1447 b,0,Hot
Kepler-1448 b,0,Hot
Kepler-1449 b,0,Hot
Kepler-145 b,0,Hot
Kepler-145 c,0,Hot
Kepler-1450 b,0,Hot
Kepler-1451 b,0,Hot
Kepler-1452 b,0,Hot
Kepler-1453 b,0,Hot
Kepler-1454 b,0,Hot
Kepler-1455 b,0,Hot
Kepler-1456 b,0,Hot
Kepler-1457 b,0,Hot
Kepler-1458 b,0,Hot
Kepler-1459 b,0,Hot
Kepler-146 b,0,Hot
Kepler-146 c,0,Hot
Kepler-1460 b,0,Hot
Kepler-1461 b,0,Hot
Kepler-1462 b,0,Hot
Kepler-1463 b,0,Hot
Kepler-1464 b,0,Hot
Kepler-1464 c,0,Hot
Kepler-1465 b,0,Hot
Kepler-1466 b,0,Hot
Kepler-1467 b,0,Hot
Kepler-1468 b,0,Hot
Kepler-1468 c,0,Hot
Kepler-1469 b,0,Hot
Kepler-147 b,0,Hot
Kepler-147 c,0,Hot
Kepler-1470 b,0,Hot
Kepler-1471 b,0,Hot
Kepler-1472 b,0,Hot
Kepler-1473 b,0,Hot
Kepler-1474 b,0,Hot
Kepler-1475 b,0,Hot
Kepler-1476 b,0,Hot
Kepler-1477 b,0,Hot
Kepler-1478 b,0,Hot
Kepler-1479 b,0,Hot
Kepler-148 b,0,Hot
Kepler-148 c,0,Hot
Kepler-148 d,0,
Kepler-1480 b,0,Hot
Kepler-1481 b,0,Hot
Kepler-1482 b,0,Hot
Kepler-1483 b,0,Hot
Kepler-1484 b,0,Hot
Kepler-1485 b,0,Hot
Kepler-1486 b,0,Hot
Kepler-1487 b,0,Hot
Kepler-1488 b,0,Hot
Kepler-1489 b,0,Hot
Kepler-149 b,0,Hot
Kepler-149 c,0,Hot
Kepler-149 d,0,Hot
Kepler-1490 b,0,Hot
Kepler-1491 b,0,Hot
Kepler-1492 b,0,Hot
Kepler-1493 b,0,Hot
Kepler-1494 b,0,Hot
Kepler-1495 b,0,Hot
Kepler-1496 b,0,Hot
Kepler-1497 b,0,Hot
Kepler-1498 b,0,Hot
Kepler-1499 b,0,Hot
Kepler-15 b,0,Hot
Kepler-150 b,0,Hot
Kepler-150 c,0,Hot
Kepler-150 d,0,Hot
Kepler-150 e,0,Hot
Kepler-150 f,2,Warm
Kepler-1500 b,0,Hot
Kepler-1501 b,0,Hot
Kepler-1502 b,0,Hot
Kepler-1503 b,0,Hot
Kepler-1504 b,0,Hot
Kepler-1505 b,0,Hot
Kepler-1506 b,0,Hot
Kepler-1507 b,0,Hot
Kepler-1508 b,0,Hot
Kepler-1509 b,0,Hot
Kepler-151 b,0,Hot
Kepler-151 c,0,Hot
Kepler-1510 b,0,Hot
Kepler-1511 b,0,Hot
Kepler-1512 b,0,Hot
Kepler-1513 b,0,Hot
Kepler-1514 b,0,Hot
Kepler-1515 b,0,Hot
Kepler-1516 b,0,Hot
Kepler-1517 b,0,Hot
Kepler-1518 b,0,Hot
Kepler-1519 b,1,Warm
Kepler-152 b,0,Hot
Kepler-152 c,0,Hot
Kepler-1520 b,0,Hot
Kepler-1521 b,0,Hot
Kepler-1522 b,0,Hot
Kepler-1523 b,0,Hot
Kepler-1524 b,0,Hot
Kepler-1525 b,0,Hot
Kepler-1526 b,0,Hot
Kepler-1527 b,0,Hot
Kepler-1528 b,0,Hot
Kepler-1529 b,0,Hot
Kepler-153 b,0,Hot
Kepler-153 c,0,Hot
Kepler-1530 b,0,Hot
Kepler-1530 c,0,Hot
Kepler-1531 b,0,Hot
Kepler-1532 b,0,Hot
Kepler-1533 b,0,Hot
Kepler-1534 b,0,Hot
Kepler-1535 b,0,Hot
Kepler-1536 b,0,Cold
Kepler-1537 b,0,Hot
Kepler-1538 b,0,Hot
Kepler-1539 b,0,Hot
Kepler-154 b,0,Hot
Kepler-154 c,0,Hot
Kepler-154 d,0,
Kepler-154 e,0,
Kepler-154 f,0,
Kepler-1540 b,2,Warm
Kepler-1541 b,0,Hot
Kepler-1542 b,0,Hot
Kepler-1542 c,0,Hot
Kepler-1542 d,0,Hot
Kepler-1542 e,0,Hot
Kepler-1543 b,0,Hot
Kepler-1544 b,2,Warm
Kepler-1545 b,1,Warm
Kepler-1546 b,0,Hot
Kepler-1547 b,0,Hot
Kepler-1548 b,0,Hot
Kepler-1549 b,2,Warm
Kepler-155 b,0,Hot
Kepler-155 c,0,Hot
Kepler-1550 b,0,Hot
Kepler-1551 b,0,Hot
Kepler-1552 b,2,Warm
Kepler-1553 b,0,Hot
Kepler-1554 b,1,Warm
Kepler-1555 b,0,Hot
Kepler-1556 b,0,Hot
Kepler-1557 b,0,Hot
Kepler-1558 b,0,Hot
Kepler-1559 b,0,Hot
Kepler-156 b,0,Hot
Kepler-156 c,0,Hot
Kepler-1560 b,0,Hot
Kepler-1561 b,0,Hot
Kepler-1562 b,0,Hot
Kepler-1563 b,0,Hot
Kepler-1564 b,0,Hot
Kepler-1565 b,0,Hot
Kepler-1566 b,0,Hot
Kepler-1567 b,0,Hot
Kepler-1568 b,0,Hot
Kepler-1569 b,0,Hot
Kepler-157 b,0,Hot
Kepler-157 c,0,Hot
Kepler-157 d,0,
Kepler-1570 b,0,Hot
Kepler-1571 b,0,Hot
Kepler-1572 b,0,Hot
Kepler-1573 b,0,Hot
Kepler-1574 b,0,Hot
Kepler-1575 b,0,Hot
Kepler-1576 b,0,Hot
Kepler-1577 b,0,Hot
Kepler-1578 b,0,Hot
Kepler-1579 b,0,Hot
Kepler-158 b,0,Hot
Kepler-158 c,0,Hot
Kepler-1580 b,0,Hot
Kepler-1581 b,0,Hot
Kepler-1582 b,0,Hot
Kepler-1583 b,0,Hot
Kepler-1584 b,0,Hot
Kepler-1585 b,0,Hot
Kepler-1586 b,0,Hot
Kepler-1587 b,0,Hot
Kepler-1588 b,0,Hot
Kepler-1589 b,0,Hot
Kepler-159 b,0,Hot
Kepler-159 c,0,Hot
Kepler-1590 b,0,Hot
Kepler-1591 b,0,Hot
Kepler-1592 b,0,Hot
Kepler-1593 b,2,Warm
Kepler-1594 b,0,Hot
Kepler-1595 b,0,Hot
Kepler-1596 b,0,Hot
Kepler-1597 b,0,Hot
Kepler-1598 b,0,Hot
Kepler-1599 b,0,Hot
Kepler-16 b,2,Warm
Kepler-160 b,0,Hot
Kepler-160 c,0,Hot
Kepler-1600 b,2,Warm
Kepler-1601 b,0,Hot
Kepler-1602 b,0,Hot
Kepler-1603 b,0,Hot
Kepler-1604 b,0,Hot
Kepler-1605 b,0,Hot
Kepler-1606 b,1,Warm
Kepler-1607 b,0,Hot
Kepler-1608 b,0,Hot
Kepler-1609 b,0,Hot
Kepler-161 b,0,Hot
Kepler-161 c,0,Hot
Kepler-1610 b,0,Hot
Kepler-1611 b,0,Hot
Kepler-1612 b,0,Hot
Kepler-1613 b,0,Hot
Kepler-1614 b,0,Hot
Kepler-1615 b,0,Hot
Kepler-1616 b,0,Hot
Kepler-1617 b,0,Hot
Kepler-1618 b,0,Hot
Kepler-1619 b,0,Hot
Kepler-162 b,0,Hot
Kepler-162 c,0,Hot
Kepler-1620 b,0,Hot
Kepler-1621 b,0,Hot
Kepler-1622 b,0,Hot
Kepler-1623 b,0,Hot
Kepler-1624 b,0,Hot
Kepler-1625 b,2,Warm
Kepler-1626 b,0,Hot
Kepler-1627 b,0,Hot
Kepler-1628 b,2,Warm
Kepler-1629 b,0,Hot
Kepler-163 b,0,Hot
Kepler-163 c,0,Hot
Kepler-1630 b,0,Cold
Kepler-1631 b,0,Hot
Kepler-1632 b,1,Warm
Kepler-1633 b,0,Hot
Kepler-1634 b,2,Warm
Kepler-1635 b,2,Warm
Kepler-1636 b,2,Warm
Kepler-1637 b,0,Hot
Kepler-1638 b,1,Warm
Kepler-1639 b,0,Hot
Kepler-164 b,0,Hot
Kepler-164 c,0,Hot
Kepler-164 d,0,Hot
Kepler-1640 b,0,Hot
Kepler-1641 b,0,Hot
Kepler-1641 c,0,Hot
Kepler-1642 b,0,Hot
Kepler-1642 c,0,Hot
Kepler-1643 b,0,Hot
Kepler-1644 b,0,Hot
Kepler-1645 b,0,Hot
Kepler-1646 b,0,Hot
Kepler-1647 b,2,Warm
Kepler-1649 b,0,Hot
Kepler-165 b,0,Hot
Kepler-165 c,0,Hot
Kepler-1650 b,0,Hot
Kepler-1651 b,0,Hot
Kepler-1652 b,2,Warm
Kepler-1653 b,2,Warm
Kepler-1654 b,0,Cold
Kepler-1655 b,0,Hot
Kepler-1656 b,0,Hot
Kepler-1658 b,0,Hot
Kepler-166 b,0,Hot
Kepler-166 c,0,Hot
Kepler-166 d,0,
Kepler-167 b,0,Hot
Kepler-167 c,0,Hot
Kepler-167 d,0,Hot
Kepler-167 e,0,Cold
Kepler-168 b,0,Hot
Kepler-168 c,0,Hot
Kepler-169 b,0,Hot
Kepler-169 c,0,Hot
Kepler-169 d,0,Hot
Kepler-169 e,0,Hot
Kepler-169 f,0,Hot
Kepler-17 b,0,Hot
Kepler-170 b,0,Hot
Kepler-170 c,0,Hot
Kepler-171 b,0,Hot
Kepler-171 c,0,Hot
Kepler-171 d,0,Hot
Kepler-172 b,0,Hot
Kepler-172 c,0,Hot
Kepler-172 d,0,Hot
Kepler-172 e,0,Hot
Kepler-173 b,0,Hot
Kepler-173 c,0,Hot
Kepler-174 b,0,Hot
Kepler-174 c,0,Hot
Kepler-174 d,2,Warm
Kepler-175 b,0,Hot
Kepler-175 c,0,Hot
Kepler-176 b,0,Hot
Kepler-176 c,0,Hot
Kepler-176 d,0,Hot
Kepler-176 e,0,
Kepler-177 b,0,
Kepler-177 c,0,
Kepler-178 b,0,Hot
Kepler-178 c,0,Hot
Kepler-178 d,0,Hot
Kepler-179 b,0,Hot
Kepler-179 c,0,Hot
Kepler-18 b,0,Hot
Kepler-18 c,0,Hot
Kepler-18 d,0,Hot
Kepler-180 b,0,Hot
Kepler-180 c,0,Hot
Kepler-181 b,0,Hot
Kepler-181 c,0,Hot
Kepler-182 b,0,Hot
Kepler-182 c,0,Hot
Kepler-183 b,0,Hot
Kepler-183 c,0,Hot
Kepler-184 b,0,Hot
Kepler-184 c,0,Hot
Kepler-184 d,0,Hot
Kepler-185 b,0,Hot
Kepler-185 c,0,Hot
Kepler-186 b,0,Hot
Kepler-186 c,0,Hot
Kepler-186 d,0,Hot
Kepler-186 e,0,Hot
Kepler-186 f,2,Warm
Kepler-187 b,0,Hot
Kepler-187 c,0,Hot
Kepler-188 b,0,Hot
Kepler-188 c,0,Hot
Kepler-189 b,0,Hot
Kepler-189 c,0,Hot
Kepler-19 b,0,Hot
Kepler-19 c,0,Hot
Kepler-19 d,0,Hot
Kepler-190 b,0,Hot
Kepler-190 c,0,Hot
Kepler-191 b,0,Hot
Kepler-191 c,0,Hot
Kepler-191 d,0,
Kepler-192 b,0,Hot
Kepler-192 c,0,Hot
Kepler-192 d,0,
Kepler-193 b,0,Hot
Kepler-193 c,0,Hot
Kepler-194 b,0,Hot
Kepler-194 c,0,Hot
Kepler-194 d,0,Hot
Kepler-195 b,0,Hot
Kepler-195 c,0,Hot
Kepler-196 b,0,Hot
Kepler-196 c,0,Hot
Kepler-197 b,0,Hot
Kepler-197 c,0,Hot
Kepler-197 d,0,Hot
Kepler-197 e,0,Hot
Kepler-198 b,0,Hot
Kepler-198 c,0,Hot
Kepler-198 d,0,
Kepler-199 b,0,Hot
Kepler-199 c,0,Hot
Kepler-20 b,0,Hot
Kepler-20 c,0,Hot
Kepler-20 d,0,Hot
Kepler-20 e,0,Hot
Kepler-20 f,0,Hot
Kepler-20 g,0,Hot
Kepler-200 b,0,Hot
Kepler-200 c,0,Hot
Kepler-201 b,0,Hot
Kepler-201 c,0,Hot
Kepler-202 b,0,Hot
Kepler-202 c,0,Hot
Kepler-203 b,0,Hot
Kepler-203 c,0,Hot
Kepler-203 d,0,Hot
Kepler-204 b,0,Hot
Kepler-204 c,0,Hot
Kepler-205 b,0,Hot
Kepler-205 c,0,Hot
Kepler-206 b,0,Hot
Kepler-206 c,0,Hot
Kepler-206 d,0,Hot
Kepler-207 b,0,Hot
Kepler-207 c,0,Hot
Kepler-207 d,0,Hot
Kepler-208 b,0,Hot
Kepler-208 c,0,Hot
Kepler-208 d,0,Hot
Kepler-208 e,0,Hot
Kepler-209 b,0,Hot
Kepler-209 c,0,Hot
Kepler-21 b,0,Hot
Kepler-210 b,0,Hot
Kepler-210 c,0,Hot
Kepler-211 b,0,Hot
Kepler-211 c,0,Hot
Kepler-212 b,0,Hot
Kepler-212 c,0,Hot
Kepler-213 b,0,Hot
Kepler-213 c,0,Hot
Kepler-214 b,0,Hot
Kepler-214 c,0,Hot
Kepler-215 b,0,Hot
Kepler-215 c,0,Hot
Kepler-215 d,0,Hot
Kepler-215 e,0,Hot
Kepler-216 b,0,Hot
Kepler-216 c,0,Hot
Kepler-217 b,0,Hot
Kepler-217 c,0,Hot
Kepler-217 d,0,
Kepler-218 b,0,Hot
Kepler-218 c,0,Hot
Kepler-218 d,0,
Kepler-219 b,0,Hot
Kepler-219 c,0,Hot
Kepler-219 d,0,Hot
Kepler-22 b,2,Warm
Kepler-220 b,0,Hot
Kepler-220 c,0,Hot
Kepler-220 d,0,Hot
Kepler-220 e,0,Hot
Kepler-221 b,0,Hot
Kepler-221 c,0,Hot
Kepler-221 d,0,Hot
Kepler-221 e,0,Hot
Kepler-222 b,0,Hot
Kepler-222 c,0,Hot
Kepler-222 d,0,Hot
Kepler-223 b,0,
Kepler-223 c,0,
Kepler-223 d,0,
Kepler-223 e,0,
Kepler-224 b,0,Hot
Kepler-224 c,0,Hot
Kepler-224 d,0,Hot
Kepler-224 e,0,Hot
Kepler-225 b,0,Hot
Kepler-225 c,0,Hot
Kepler-226 b,0,Hot
Kepler-226 c,0,Hot
Kepler-226 d,0,Hot
Kepler-227 b,0,Hot
Kepler-227 c,0,Hot
Kepler-228 b,0,Hot
Kepler-228 c,0,Hot
Kepler-228 d,0,Hot
Kepler-229 b,0,Hot
Kepler-229 c,0,Hot
Kepler-229 d,0,Hot
Kepler-23 b,0,Hot
Kepler-23 c,0,Hot
Kepler-23 d,0,Hot
Kepler-230 b,0,Hot
Kepler-230 c,0,Hot
Kepler-231 b,0,Hot
Kepler-231 c,0,Hot
Kepler-232 b,0,Hot
Kepler-232 c,0,Hot
Kepler-233 b,0,Hot
Kepler-233 c,0,Hot
Kepler-234 b,0,Hot
Kepler-234 c,0,Hot
Kepler-235 b,0,Hot
Kepler-235 c,0,Hot
Kepler-235 d,0,Hot
Kepler-235 e,0,Hot
Kepler-236 b,0,Hot
Kepler-236 c,0,Hot
Kepler-237 b,0,Hot
Kepler-237 c,0,Hot
Kepler-238 b,0,Hot
Kepler-238 c,0,Hot
Kepler-238 d,0,Hot
Kepler-238 e,0,
Kepler-238 f,0,
Kepler-239 b,0,Hot
Kepler-239 c,0,Hot
Kepler-24 b,0,Hot
Kepler-24 c,0,Hot
Kepler-24 d,0,Hot
Kepler-24 e,0,Hot
Kepler-240 b,0,Hot
Kepler-240 c,0,Hot
Kepler-241 b,0,Hot
Kepler-241 c,0,Hot
Kepler-242 b,0,Hot
Kepler-242 c,0,Hot
Kepler-243 b,0,Hot
Kepler-243 c,0,Hot
Kepler-244 b,0,Hot
Kepler-244 c,0,Hot
Kepler-244 d,0,Hot
Kepler-245 b,0,Hot
Kepler-245 c,0,Hot
Kepler-245 d,0,Hot
Kepler-245 e,0,
Kepler-246 b,0,Hot
Kepler-246 c,0,Hot
Kepler-247 b,0,Hot
Kepler-247 c,0,Hot
Kepler-247 d,0,Hot
Kepler-248 b,0,Hot
Kepler-248 c,0,Hot
Kepler-249 b,0,Hot
Kepler-249 c,0,Hot
Kepler-249 d,0,Hot
Kepler-25 b,0,Hot
Kepler-25 c,0,Hot
Kepler-25 d,0,Hot
Kepler-250 b,0,Hot
Kepler-250 c,0,Hot
Kepler-250 d,0,Hot
Kepler-251 b,0,Hot
Kepler-251 c,0,Hot
Kepler-251 d,0,Hot
Kepler-251 e,0,Hot
Kepler-252 b,0,Hot
Kepler-252 c,0,Hot
Kepler-253 b,0,Hot
Kepler-253 c,0,Hot
Kepler-253 d,0,Hot
Kepler-254 b,0,Hot
Kepler-254 c,0,Hot
Kepler-254 d,0,Hot
Kepler-255 b,0,Hot
Kepler-255 c,0,Hot
Kepler-255 d,0,
Kepler-256 b,0,Hot
Kepler-256 c,0,Hot
Kepler-256 d,0,Hot
Kepler-256 e,0,Hot
Kepler-257 b,0,Hot
Kepler-257 c,0,Hot
Kepler-257 d,0,Hot
Kepler-258 b,0,Hot
Kepler-258 c,0,Hot
Kepler-259 b,0,Hot
Kepler-259 c,0,Hot
Kepler-26 b,0,Hot
Kepler-26 c,0,Hot
Kepler-26 d,0,Hot
Kepler-26 e,1,Warm
Kepler-260 b,0,Hot
Kepler-260 c,0,Hot
Kepler-261 b,0,Hot
Kepler-261 c,0,Hot
Kepler-262 b,0,Hot
Kepler-262 c,0,Hot
Kepler-263 b,0,Hot
Kepler-263 c,0,Hot
Kepler-264 b,0,Hot
Kepler-264 c,0,Hot
Kepler-265 b,0,Hot
Kepler-265 c,0,Hot
Kepler-265 d,0,Hot
Kepler-265 e,0,Hot
Kepler-266 b,0,Hot
Kepler-266 c,0,Hot
Kepler-267 b,0,Hot
Kepler-267 c,0,Hot
Kepler-267 d,0,Hot
Kepler-268 b,0,Hot
Kepler-268 c,0,Hot
Kepler-269 b,0,Hot
Kepler-269 c,0,Hot
Kepler-27 b,0,Hot
Kepler-27 c,0,Hot
Kepler-270 b,0,Hot
Kepler-270 c,0,Hot
Kepler-271 b,0,Hot
Kepler-271 c,0,Hot
Kepler-271 d,0,Hot
Kepler-272 b,0,Hot
Kepler-272 c,0,Hot
Kepler-272 d,0,Hot
Kepler-273 b,0,Hot
Kepler-273 c,0,Hot
Kepler-274 b,0,Hot
Kepler-274 c,0,Hot
Kepler-275 b,0,Hot
Kepler-275 c,0,Hot
Kepler-275 d,0,Hot
Kepler-276 b,0,Hot
Kepler-276 c,0,
Kepler-276 d,0,
Kepler-277 b,0,
Kepler-277 c,0,
Kepler-278 b,0,Hot
Kepler-278 c,0,Hot
Kepler-279 b,0,Hot
Kepler-279 c,0,
Kepler-279 d,0,
Kepler-28 b,0,Hot
Kepler-28 c,0,Hot
Kepler-280 b,0,Hot
Kepler-280 c,0,Hot
Kepler-281 b,0,Hot
Kepler-281 c,0,Hot
Kepler-282 b,0,Hot
Kepler-282 c,0,Hot
Kepler-282 d,0,
Kepler-282 e,0,
Kepler-283 b,0,Hot
Kepler-283 c,2,Warm
Kepler-284 b,0,Hot
Kepler-284 c,0,Hot
Kepler-285 b,0,Hot
Kepler-285 c,0,Hot
Kepler-286 b,0,Hot
Kepler-286 c,0,Hot
Kepler-286 d,0,Hot
Kepler-286 e,0,Hot
Kepler-287 b,0,Hot
Kepler-287 c,0,Hot
Kepler-288 b,0,Hot
Kepler-288 c,0,Hot
Kepler-288 d,0,Hot
Kepler-289 b,0,Hot
Kepler-289 c,0,Hot
Kepler-289 d,0,Hot
Kepler-29 b,0,Hot
Kepler-29 c,0,Hot
Kepler-290 b,0,Hot
Kepler-290 c,0,Hot
Kepler-291 b,0,Hot
Kepler-291 c,0,Hot
Kepler-292 b,0,Hot
Kepler-292 c,0,Hot
Kepler-292 d,0,Hot
Kepler-292 e,0,Hot
Kepler-292 f,0,Hot
Kepler-293 b,0,Hot
Kepler-293 c,0,Hot
Kepler-294 b,0,Hot
Kepler-294 c,0,Hot
Kepler-295 b,0,Hot
Kepler-295 c,0,Hot
Kepler-295 d,0,Hot
Kepler-296 b,0,Hot
Kepler-296 c,0,Hot
Kepler-296 d,0,Hot
Kepler-296 e,1,Warm
Kepler-296 f,2,Warm
Kepler-297 b,0,Hot
Kepler-297 c,0,Hot
Kepler-298 b,0,Hot
Kepler-298 c,0,Hot
Kepler-298 d,1,Warm
Kepler-299 b,0,Hot
Kepler-299 c,0,Hot
Kepler-299 d,0,Hot
Kepler-299 e,0,Hot
Kepler-30 b,0,Hot
Kepler-30 c,0,Hot
Kepler-30 d,0,Hot
Kepler-300 b,0,Hot
Kepler-300 c,0,Hot
Kepler-301 b,0,Hot
Kepler-301 c,0,Hot
Kepler-301 d,0,Hot
Kepler-302 b,0,Hot
Kepler-302 c,0,Hot
Kepler-303 b,0,Hot
Kepler-303 c,0,Hot
Kepler-304 b,0,Hot
Kepler-304 c,0,Hot
Kepler-304 d,0,Hot
Kepler-304 e,0,
Kepler-305 b,0,
Kepler-305 c,0,
Kepler-305 d,0,Hot
Kepler-306 b,0,Hot
Kepler-306 c,0,Hot
Kepler-306 d,0,Hot
Kepler-306 e,0,Hot
Kepler-307 b,0,Hot
Kepler-307 c,0,Hot
Kepler-308 b,0,Hot
Kepler-308 c,0,Hot
Kepler-309 b,0,Hot
Kepler-309 c,1,Warm
Kepler-31 b,0,Hot
Kepler-31 c,0,Hot
Kepler-31 d,0,Hot
Kepler-310 b,0,Hot
Kepler-310 c,0,Hot
Kepler-310 d,0,Hot
Kepler-311 b,0,Hot
Kepler-311 c,0,Hot
Kepler-312 b,0,Hot
Kepler-312 c,0,Hot
Kepler-313 b,0,Hot
Kepler-313 c,0,Hot
Kepler-314 b,0,Hot
Kepler-314 c,0,Hot
Kepler-315 b,0,Hot
Kepler-315 c,1,Warm
Kepler-316 b,0,Hot
Kepler-316 c,0,Hot
Kepler-317 b,0,Hot
Kepler-317 c,0,Hot
Kepler-318 b,0,Hot
Kepler-318 c,0,Hot
Kepler-319 b,0,Hot
Kepler-319 c,0,Hot
Kepler-319 d,0,Hot
Kepler-32 b,0,Hot
Kepler-32 c,0,Hot
Kepler-32 d,0,Hot
Kepler-32 e,0,Hot
Kepler-32 f,0,Hot
Kepler-320 b,0,Hot
Kepler-320 c,0,Hot
Kepler-321 b,0,Hot
Kepler-321 c,0,Hot
Kepler-322 b,0,Hot
Kepler-322 c,0,Hot
Kepler-323 b,0,Hot
Kepler-323 c,0,Hot
Kepler-324 b,0,Hot
Kepler-324 c,0,Hot
Kepler-325 b,0,Hot
Kepler-325 c,0,Hot
Kepler-325 d,0,Hot
Kepler-326 b,0,Hot
Kepler-326 c,0,Hot
Kepler-326 d,0,Hot
Kepler-327 b,0,Hot
Kepler-327 c,0,Hot
Kepler-327 d,0,Hot
Kepler-328 b,0,Hot
Kepler-328 c,0,Hot
Kepler-329 b,0,Hot
Kepler-329 c,0,Hot
Kepler-33 b,0,Hot
Kepler-33 c,0,Hot
Kepler-33 d,0,Hot
Kepler-33 e,0,Hot
Kepler-33 f,0,Hot
Kepler-330 b,0,Hot
Kepler-330 c,0,Hot
Kepler-331 b,0,Hot
Kepler-331 c,0,Hot
Kepler-331 d,0,Hot
Kepler-332 b,0,Hot
Kepler-332 c,0,Hot
Kepler-332 d,0,Hot
Kepler-333 b,0,Hot
Kepler-333 c,0,Hot
Kepler-334 b,0,Hot
Kepler-334 c,0,Hot
Kepler-334 d,0,Hot
Kepler-335 b,0,Hot
Kepler-335 c,0,Hot
Kepler-336 b,0,Hot
Kepler-336 c,0,Hot
Kepler-336 d,0,Hot
Kepler-337 b,0,Hot
Kepler-337 c,0,Hot
Kepler-338 b,0,Hot
Kepler-338 c,0,Hot
Kepler-338 d,0,Hot
Kepler-338 e,0,
Kepler-339 b,0,Hot
Kepler-339 c,0,Hot
Kepler-339 d,0,Hot
Kepler-34 b,1,Warm
Kepler-340 b,0,Hot
Kepler-340 c,0,Hot
Kepler-341 b,0,Hot
Kepler-341 c,0,Hot
Kepler-341 d,0,Hot
Kepler-341 e,0,Hot
Kepler-342 b,0,Hot
Kepler-342 c,0,Hot
Kepler-342 d,0,Hot
Kepler-342 e,0,
Kepler-343 b,0,Hot
Kepler-343 c,0,Hot
Kepler-344 b,0,Hot
Kepler-344 c,0,Hot
Kepler-345 b,0,Hot
Kepler-345 c,0,Hot
Kepler-346 b,0,Hot
Kepler-346 c,0,Hot
Kepler-347 b,0,Hot
Kepler-347 c,0,Hot
Kepler-348 b,0,Hot
Kepler-348 c,0,Hot
Kepler-349 b,0,Hot
Kepler-349 c,0,Hot
Kepler-35 b,0,Hot
Kepler-350 b,0,Hot
Kepler-350 c,0,
Kepler-350 d,0,
Kepler-351 b,0,Hot
Kepler-351 c,0,Hot
Kepler-351 d,0,
Kepler-352 b,0,Hot
Kepler-352 c,0,Hot
Kepler-353 b,0,Hot
Kepler-353 c,0,Hot
Kepler-354 b,0,Hot
Kepler-354 c,0,Hot
Kepler-354 d,0,Hot
Kepler-355 b,0,Hot
Kepler-355 c,0,Hot
Kepler-356 b,0,Hot
Kepler-356 c,0,Hot
Kepler-357 b,0,Hot
Kepler-357 c,0,Hot
Kepler-357 d,0,Hot
Kepler-358 b,0,Hot
Kepler-358 c,0,Hot
Kepler-359 b,0,Hot
Kepler-359 c,0,Hot
Kepler-359 d,0,Hot
Kepler-36 b,0,Hot
Kepler-36 c,0,Hot
Kepler-360 b,0,Hot
Kepler-360 c,0,Hot
Kepler-361 b,0,Hot
Kepler-361 c,0,Hot
Kepler-362 b,0,Hot
Kepler-362 c,0,Hot
Kepler-363 b,0,Hot
Kepler-363 c,0,Hot
Kepler-363 d,0,Hot
Kepler-364 b,0,Hot
Kepler-364 c,0,Hot
Kepler-365 b,0,Hot
Kepler-365 c,0,Hot
Kepler-366 b,0,Hot
Kepler-366 c,0,Hot
Kepler-367 b,0,Hot
Kepler-367 c,0,Hot
Kepler-368 b,0,Hot
Kepler-368 c,0,Hot
Kepler-369 b,0,Hot
Kepler-369 c,0,Hot
Kepler-37 b,0,Hot
Kepler-37 c,0,Hot
Kepler-37 d,0,Hot
Kepler-37 e,0,Hot
Kepler-370 b,0,Hot
Kepler-370 c,0,Hot
Kepler-371 b,0,Hot
Kepler-371 c,0,Hot
Kepler-372 b,0,Hot
Kepler-372 c,0,Hot
Kepler-372 d,0,Hot
Kepler-373 b,0,Hot
Kepler-373 c,0,Hot
Kepler-374 b,0,Hot
Kepler-374 c,0,Hot
Kepler-374 d,0,Hot
Kepler-375 b,0,Hot
Kepler-375 c,0,Hot
Kepler-376 b,0,Hot
Kepler-376 c,0,Hot
Kepler-377 b,0,Hot
Kepler-377 c,0,Hot
Kepler-378 b,0,Hot
Kepler-378 c,0,Hot
Kepler-379 b,0,Hot
Kepler-379 c,0,Hot
Kepler-38 b,0,Hot
Kepler-380 b,0,Hot
Kepler-380 c,0,Hot
Kepler-381 b,0,Hot
Kepler-381 c,0,Hot
Kepler-382 b,0,Hot
Kepler-382 c,0,Hot
Kepler-383 b,0,Hot
Kepler-383 c,0,Hot
Kepler-384 b,0,Hot
Kepler-384 c,0,Hot
Kepler-385 b,0,Hot
Kepler-385 c,0,Hot
Kepler-386 b,0,Hot
Kepler-386 c,0,Hot
Kepler-387 b,0,Hot
Kepler-387 c,0,Hot
Kepler-388 b,0,Hot
Kepler-388 c,0,Hot
Kepler-389 b,0,Hot
Kepler-389 c,0,Hot
Kepler-39 b,0,Hot
Kepler-390 b,0,Hot
Kepler-390 c,0,Hot
Kepler-391 b,0,Hot
Kepler-391 c,0,Hot
Kepler-392 b,0,Hot
Kepler-392 c,0,Hot
Kepler-393 b,0,Hot
Kepler-393 c,0,Hot
Kepler-394 b,0,Hot
Kepler-394 c,0,Hot
Kepler-395 b,0,Hot
Kepler-395 c,0,Hot
Kepler-396 b,0,
Kepler-396 c,0,
Kepler-397 b,0,Hot
Kepler-397 c,0,Hot
Kepler-398 b,0,Hot
Kepler-398 c,0,Hot
Kepler-398 d,0,
Kepler-399 b,0,Hot
Kepler-399 c,0,Hot
Kepler-399 d,0,Hot
Kepler-4 b,0,Hot
Kepler-40 b,0,Hot
Kepler-400 b,0,Hot
Kepler-400 c,0,Hot
Kepler-401 b,0,Hot
Kepler-401 c,0,Hot
Kepler-401 d,0,
Kepler-402 b,0,Hot
Kepler-402 c,0,Hot
Kepler-402 d,0,Hot
Kepler-402 e,0,Hot
Kepler-403 b,0,Hot
Kepler-403 c,0,Hot
Kepler-403 d,0,
Kepler-404 b,0,Hot
Kepler-404 c,0,Hot
Kepler-405 b,0,Hot
Kepler-405 c,0,Hot
Kepler-406 b,0,Hot
Kepler-406 c,0,Hot
Kepler-407 b,0,Hot
Kepler-407 c,0,Cold
Kepler-408 b,0,Hot
Kepler-409 b,0,Hot
Kepler-41 b,0,Hot
Kepler-410 A b,0,Hot
Kepler-411 b,0,
Kepler-411 c,0,
Kepler-411 d,0,
Kepler-411 e,0,
Kepler-412 b,0,Hot
Kepler-413 b,0,Hot
Kepler-414 b,0,
Kepler-414 c,0,
Kepler-415 b,0,
Kepler-415 c,0,
Kepler-416 b,0,
Kepler-416 c,0,
Kepler-417 b,0,
Kepler-417 c,0,
Kepler-418 b,0,Hot
Kepler-419 b,0,Hot
Kepler-419 c,1,Warm
Kepler-42 b,0,Hot
Kepler-42 c,0,Hot
Kepler-42 d,0,Hot
Kepler-421 b,0,Cold
Kepler-422 b,0,Hot
Kepler-423 b,0,Hot
Kepler-424 b,0,Hot
Kepler-424 c,1,Warm
Kepler-425 b,0,Hot
Kepler-426 b,0,Hot
Kepler-427 b,0,Hot
Kepler-428 b,0,Hot
Kepler-43 b,0,Hot
Kepler-430 b,0,Hot
Kepler-430 c,0,Hot
Kepler-431 b,0,Hot
Kepler-431 c,0,Hot
Kepler-431 d,0,Hot
Kepler-432 b,0,Hot
Kepler-432 c,0,Hot
Kepler-433 b,0,Hot
Kepler-434 b,0,Hot
Kepler-435 b,0,Hot
Kepler-436 b,0,Hot
Kepler-436 c,0,Hot
Kepler-437 b,0,Hot
Kepler-438 b,0,Hot
Kepler-439 b,0,Hot
Kepler-44 b,0,Hot
Kepler-440 b,1,Warm
Kepler-441 b,0,Cold
Kepler-442 b,2,Warm
Kepler-443 b,2,Warm
Kepler-444 b,0,Hot
Kepler-444 c,0,Hot
Kepler-444 d,0,Hot
Kepler-444 e,0,Hot
Kepler-444 f,0,Hot
Kepler-445 b,0,Hot
Kepler-445 c,0,Hot
Kepler-445 d,0,Hot
Kepler-446 b,0,Hot
Kepler-446 c,0,Hot
Kepler-446 d,0,Hot
Kepler-447 b,0,Hot
Kepler-449 b,0,
Kepler-449 c,0,
Kepler-45 b,0,Hot
Kepler-450 b,0,
Kepler-450 c,0,
Kepler-450 d,0,
Kepler-452 b,2,Warm
Kepler-453 b,2,Warm
Kepler-454 b,0,Hot
Kepler-454 c,2,Warm
Kepler-458 c,0,Hot
Kepler-46 b,0,Hot
Kepler-46 c,0,Hot
Kepler-46 d,0,Hot
Kepler-460 c,0,Hot
Kepler-461 b,0,Hot
Kepler-462 b,0,Hot
Kepler-463 b,0,Hot
Kepler-464 b,0,Hot
Kepler-465 b,0,Hot
Kepler-466 b,0,Hot
Kepler-466 c,0,Hot
Kepler-467 b,0,Hot
Kepler-468 b,0,Hot
Kepler-47 b,0,
Kepler-47 c,0,
Kepler-47 d,0,
Kepler-470 b,0,Hot
Kepler-471 b,0,Hot
Kepler-472 b,0,Hot
Kepler-473 b,0,Hot
Kepler-474 b,0,Hot
Kepler-475 b,0,Hot
Kepler-476 b,0,Hot
Kepler-477 b,0,Hot
Kepler-478 b,0,Hot
Kepler-479 b,0,Hot
Kepler-48 b,0,Hot
Kepler-48 c,0,Hot
Kepler-48 d,0,Hot
Kepler-48 e,0,Cold
Kepler-480 b,0,Hot
Kepler-481 b,0,Hot
Kepler-482 b,0,Hot
Kepler-483 b,0,Hot
Kepler-484 b,0,Hot
Kepler-485 b,0,Hot
Kepler-486 b,0,Hot
Kepler-487 b,0,Hot
Kepler-487 c,0,Hot
Kepler-488 b,0,Hot
Kepler-489 b,0,Hot
Kepler-49 b,0,
Kepler-49 c,0,
Kepler-49 d,0,Hot
Kepler-49 e,0,Hot
Kepler-490 b,0,Hot
Kepler-491 b,0,Hot
Kepler-492 b,0,Hot
Kepler-493 b,0,Hot
Kepler-494 b,0,Hot
Kepler-495 b,0,Hot
Kepler-496 b,0,Hot
Kepler-497 b,0,Hot
Kepler-498 b,0,Hot
Kepler-499 b,0,Hot
Kepler-5 b,0,Hot
Kepler-50 b,0,Hot
Kepler-50 c,0,Hot
Kepler-500 b,0,Hot
Kepler-501 b,0,Hot
Kepler-502 b,0,Hot
Kepler-504 b,0,Hot
Kepler-505 b,0,Hot
Kepler-506 b,0,Hot
Kepler-507 b,0,Hot
Kepler-508 b,0,Hot
Kepler-509 b,0,Hot
Kepler-51 b,0,Hot
Kepler-51 c,0,Hot
Kepler-51 d,0,Hot
Kepler-510 b,0,Hot
Kepler-511 b,0,Hot
Kepler-512 b,0,Hot
Kepler-513 b,0,Hot
Kepler-514 b,0,Hot
Kepler-515 b,0,Hot
Kepler-516 b,0,Hot
Kepler-517 b,0,Hot
Kepler-518 b,0,Hot
Kepler-519 b,0,Hot
Kepler-52 b,0,
Kepler-52 c,0,
Kepler-52 d,0,Hot
Kepler-520 b,0,Hot
Kepler-520 c,0,Hot
Kepler-521 b,0,Hot
Kepler-522 b,0,Hot
Kepler-523 b,0,Hot
Kepler-524 b,0,Hot
Kepler-524 c,0,Hot
Kepler-525 b,0,Hot
Kepler-526 b,0,Hot
Kepler-527 b,0,Hot
Kepler-528 b,0,Hot
Kepler-529 b,0,Hot
Kepler-529 c,0,Hot
Kepler-53 b,0,Hot
Kepler-53 c,0,Hot
Kepler-53 d,0,Hot
Kepler-530 b,0,Hot
Kepler-531 b,0,Hot
Kepler-532 b,0,Hot
Kepler-533 b,0,Hot
Kepler-534 b,0,Hot
Kepler-535 b,0,Hot
Kepler-536 b,0,Hot
Kepler-537 b,0,Hot
Kepler-538 b,0,Hot
Kepler-539 b,0,Hot
Kepler-539 c,0,Cold
Kepler-54 b,0,
Kepler-54 c,0,
Kepler-54 d,0,Hot
Kepler-540 b,0,Hot
Kepler-541 b,0,Hot
Kepler-542 b,0,Hot
Kepler-543 b,0,Hot
Kepler-544 b,0,Hot
Kepler-545 b,0,Hot
Kepler-546 b,0,Hot
Kepler-547 b,0,Hot
Kepler-548 b,0,Hot
Kepler-549 b,0,Hot
Kepler-549 c,0,Hot
Kepler-55 b,0,
Kepler-55 c,0,
Kepler-55 d,0,Hot
Kepler-55 e,0,Hot
Kepler-55 f,0,Hot
Kepler-550 b,0,Hot
Kepler-551 b,0,Hot
Kepler-552 b,0,Hot
Kepler-553 b,0,Hot
Kepler-553 c,2,Warm
Kepler-554 b,0,Hot
Kepler-555 b,0,Hot
Kepler-556 b,0,Hot
Kepler-557 b,0,Hot
Kepler-558 b,0,Hot
Kepler-559 b,0,Hot
Kepler-56 b,0,Hot
Kepler-56 c,0,Hot
Kepler-56 d,0,Hot
Kepler-560 b,0,Hot
Kepler-561 b,0,Hot
Kepler-561 c,0,Hot
Kepler-562 b,0,Hot
Kepler-563 b,0,Hot
Kepler-564 b,0,Hot
Kepler-565 b,0,Hot
Kepler-566 b,0,Hot
Kepler-567 b,0,Hot
Kepler-568 b,0,Hot
Kepler-569 b,0,Hot
Kepler-57 b,0,Hot
Kepler-57 c,0,Hot
Kepler-570 b,0,Hot
Kepler-571 b,0,Hot
Kepler-572 b,0,Hot
Kepler-573 b,0,Hot
Kepler-574 b,0,Hot
Kepler-575 b,0,Hot
Kepler-576 b,0,Hot
Kepler-577 b,0,Hot
Kepler-578 b,0,Hot
Kepler-579 b,0,Hot
Kepler-58 b,0,
Kepler-58 c,0,
Kepler-58 d,0,Hot
Kepler-580 b,0,Hot
Kepler-581 b,0,Hot
Kepler-582 b,0,Hot
Kepler-583 b,0,Hot
Kepler-584 b,0,Hot
Kepler-585 b,0,Hot
Kepler-586 b,0,Hot
Kepler-587 b,0,Hot
Kepler-588 b,0,Hot
Kepler-589 b,0,Hot
Kepler-59 b,0,Hot
Kepler-59 c,0,Hot
Kepler-590 b,0,Hot
Kepler-591 b,0,Hot
Kepler-592 b,0,Hot
Kepler-593 b,0,Hot
Kepler-594 b,0,Hot
Kepler-595 b,0,Hot
Kepler-596 b,0,Hot
Kepler-597 b,0,Hot
Kepler-598 b,0,Hot
Kepler-599 b,0,Hot
Kepler-6 b,0,Hot
Kepler-60 b,0,Hot
Kepler-60 c,0,Hot
Kepler-60 d,0,Hot
Kepler-600 b,0,Hot
Kepler-601 b,0,Hot
Kepler-602 b,0,Hot
Kepler-603 b,0,Hot
Kepler-603 c,0,Hot
Kepler-603 d,0,Hot
Kepler-604 b,0,Hot
Kepler-605 b,0,Hot
Kepler-605 c,0,Hot
Kepler-606 b,0,Hot
Kepler-607 b,0,Hot
Kepler-608 b,0,Hot
Kepler-609 b,0,Hot
Kepler-61 b,1,Warm
Kepler-610 b,0,Hot
Kepler-610 c,0,Hot
Kepler-611 b,0,Hot
Kepler-612 b,0,Hot
Kepler-613 b,0,Hot
Kepler-614 b,0,Hot
Kepler-615 b,0,Hot
Kepler-616 b,0,Hot
Kepler-616 c,0,Hot
Kepler-617 b,0,Hot
Kepler-618 b,0,Hot
Kepler-619 b,0,Hot
Kepler-619 c,0,Hot
Kepler-62 b,0,Hot
Kepler-62 c,0,Hot
Kepler-62 d,0,Hot
Kepler-62 e,1,Warm
Kepler-62 f,2,Warm
Kepler-620 b,0,Hot
Kepler-621 b,0,Hot
Kepler-622 b,0,Hot
Kepler-623 b,0,Hot
Kepler-624 b,0,Hot
Kepler-625 b,0,Hot
Kepler-625 c,0,Hot
Kepler-626 b,0,Hot
Kepler-627 b,0,Hot
Kepler-628 b,0,Hot
Kepler-629 b,0,Hot
Kepler-63 b,0,Hot
Kepler-630 b,0,Hot
Kepler-631 b,0,Hot
Kepler-632 b,0,Hot
Kepler-633 b,0,Hot
Kepler-634 b,0,Hot
Kepler-635 b,0,Hot
Kepler-636 b,0,Hot
Kepler-637 b,0,Hot
Kepler-638 b,0,Hot
Kepler-639 b,0,Hot
Kepler-640 b,0,Hot
Kepler-641 b,0,Hot
Kepler-642 b,0,Hot
Kepler-643 b,0,Hot
Kepler-644 b,0,Hot
Kepler-645 b,0,Hot
Kepler-646 b,0,Hot
Kepler-647 b,0,Hot
Kepler-648 b,0,Hot
Kepler-649 b,0,Hot
Kepler-65 b,0,Hot
Kepler-65 c,0,Hot
Kepler-65 d,0,Hot
Kepler-65 e,0,Hot
Kepler-650 b,0,Hot
Kepler-651 b,0,Hot
Kepler-652 b,0,Hot
Kepler-653 b,0,Hot
Kepler-653 c,0,Hot
Kepler-654 b,0,Hot
Kepler-655 b,0,Hot
Kepler-656 b,0,Hot
Kepler-657 b,0,Hot
Kepler-658 b,0,Hot
Kepler-659 b,0,Hot
Kepler-66 b,0,Hot
Kepler-660 b,0,Hot
Kepler-661 b,0,Hot
Kepler-662 b,0,Hot
Kepler-663 b,0,Hot
Kepler-664 b,0,Hot
Kepler-665 b,0,Hot
Kepler-666 b,0,Hot
Kepler-667 b,0,Hot
Kepler-668 b,0,Hot
Kepler-669 b,0,Hot
Kepler-67 b,0,Hot
Kepler-670 b,0,Hot
Kepler-671 b,0,Hot
Kepler-672 b,0,Hot
Kepler-673 b,0,Hot
Kepler-674 b,0,Hot
Kepler-675 b,0,Hot
Kepler-676 b,0,Hot
Kepler-677 b,0,Hot
Kepler-678 b,0,Hot
Kepler-679 b,0,Hot
Kepler-68 b,0,Hot
Kepler-68 c,0,Hot
Kepler-68 d,2,Warm
Kepler-680 b,0,Hot
Kepler-681 b,0,Hot
Kepler-682 b,0,Hot
Kepler-683 b,0,Hot
Kepler-684 b,0,Hot
Kepler-685 b,0,Hot
Kepler-686 b,0,Hot
Kepler-687 b,0,Hot
Kepler-688 b,0,Hot
Kepler-689 b,0,Hot
Kepler-69 b,0,Hot
Kepler-69 c,0,Hot
Kepler-690 b,0,Hot
Kepler-691 b,0,Hot
Kepler-692 b,0,Hot
Kepler-693 b,0,Hot
Kepler-694 b,0,Hot
Kepler-695 b,0,Hot
Kepler-696 b,0,Hot
Kepler-697 b,0,Hot
Kepler-698 b,0,Hot
Kepler-699 b,0,Hot
Kepler-7 b,0,Hot
Kepler-700 b,0,Hot
Kepler-701 b,0,Hot
Kepler-702 b,0,Hot
Kepler-703 b,0,Hot
Kepler-704 b,0,Hot
Kepler-705 b,2,Warm
Kepler-706 b,0,Hot
Kepler-707 b,0,Hot
Kepler-708 b,0,Hot
Kepler-709 b,0,Hot
Kepler-710 b,0,Hot
Kepler-711 b,0,Hot
Kepler-712 b,0,Hot
Kepler-712 c,2,Warm
Kepler-713 b,0,Hot
Kepler-714 b,0,Hot
Kepler-715 b,0,Hot
Kepler-716 b,0,Hot
Kepler-717 b,0,Hot
Kepler-718 b,0,Hot
Kepler-719 b,0,Hot
Kepler-720 b,0,Hot
Kepler-721 b,0,Hot
Kepler-722 b,0,Hot
Kepler-722 c,0,Hot
Kepler-723 b,0,Hot
Kepler-724 b,0,Hot
Kepler-725 b,0,Hot
Kepler-726 b,0,Hot
Kepler-727 b,0,Hot
Kepler-728 b,0,Hot
Kepler-729 b,0,Hot
Kepler-730 b,0,Hot
Kepler-730 c,0,Hot
Kepler-731 b,0,Hot
Kepler-732 b,0,Hot
Kepler-732 c,0,Hot
Kepler-733 b,0,Hot
Kepler-734 b,0,Hot
Kepler-735 b,0,Hot
Kepler-736 b,0,Hot
Kepler-737 b,0,Hot
Kepler-738 b,0,Hot
Kepler-739 b,0,Hot
Kepler-74 b,0,Hot
Kepler-740 b,0,Hot
Kepler-741 b,0,Hot
Kepler-742 b,0,Hot
Kepler-743 b,0,Hot
Kepler-744 b,0,Hot
Kepler-745 b,0,Hot
Kepler-746 b,0,Hot
Kepler-747 b,0,Hot
Kepler-748 b,0,Hot
Kepler-749 b,0,Hot
Kepler-75 b,0,Hot
Kepler-750 b,0,Hot
Kepler-750 c,0,Hot
Kepler-751 b,0,Hot
Kepler-752 b,0,Hot
Kepler-753 b,0,Hot
Kepler-754 b,0,Hot
Kepler-755 b,0,Hot
Kepler-755 c,0,Hot
Kepler-756 b,0,Hot
Kepler-757 b,0,Hot
Kepler-758 b,0,Hot
Kepler-758 c,0,Hot
Kepler-758 d,0,Hot
Kepler-758 e,0,Hot
Kepler-759 b,0,Hot
Kepler-76 b,0,Hot
Kepler-760 b,0,Hot
Kepler-760 c,0,Hot
Kepler-761 b,0,Hot
Kepler-762 b,0,Hot
Kepler-763 b,0,Hot
Kepler-764 b,0,Hot
Kepler-765 b,0,Hot
Kepler-766 b,0,Hot
Kepler-767 b,0,Hot
Kepler-768 b,0,Hot
Kepler-769 b,0,Hot
Kepler-769 c,0,Hot
Kepler-77 b,0,Hot
Kepler-770 b,0,Hot
Kepler-770 c,0,Hot
Kepler-770 d,0,Hot
Kepler-771 b,0,Hot
Kepler-772 b,0,Hot
Kepler-773 b,0,Hot
Kepler-774 b,0,Hot
Kepler-775 b,0,Hot
Kepler-776 b,0,Hot
Kepler-777 b,0,Hot
Kepler-778 b,0,Hot
Kepler-779 b,0,Hot
Kepler-78 b,0,Hot
Kepler-780 b,0,Hot
Kepler-781 b,0,Hot
Kepler-782 b,0,Hot
Kepler-783 b,0,Hot
Kepler-784 b,0,Hot
Kepler-785 b,0,Hot
Kepler-786 b,0,Hot
Kepler-787 b,0,Hot
Kepler-788 b,0,Hot
Kepler-789 b,0,Hot
Kepler-79 b,0,Hot
Kepler-79 c,0,Hot
Kepler-79 d,0,Hot
Kepler-79 e,0,Hot
Kepler-790 b,0,Hot
Kepler-791 b,0,Hot
Kepler-792 b,0,Hot
Kepler-793 b,0,Hot
Kepler-794 b,0,Hot
Kepler-795 b,0,Hot
Kepler-796 b,0,Hot
Kepler-797 b,0,Hot
Kepler-798 b,0,Hot
Kepler-799 b,0,Hot
Kepler-8 b,0,Hot
Kepler-80 b,0,Hot
Kepler-80 c,0,Hot
Kepler-80 d,0,Hot
Kepler-80 e,0,Hot
Kepler-80 f,0,Hot
Kepler-80 g,0,Hot
Kepler-800 b,0,Hot
Kepler-801 b,0,Hot
Kepler-802 b,0,Hot
Kepler-803 b,0,Hot
Kepler-804 b,0,Hot
Kepler-804 c,0,Hot
Kepler-805 b,0,Hot
Kepler-806 b,0,Hot
Kepler-807 b,0,Hot
Kepler-808 b,0,Hot
Kepler-809 b,0,Hot
Kepler-81 b,0,
Kepler-81 c,0,
Kepler-81 d,0,Hot
Kepler-810 b,0,Hot
Kepler-811 b,0,Hot
Kepler-812 b,0,Hot
Kepler-813 b,0,Hot
Kepler-814 b,0,Hot
Kepler-815 b,0,Hot
Kepler-816 b,0,Hot
Kepler-817 b,0,Hot
Kepler-818 b,0,Hot
Kepler-819 b,0,Hot
Kepler-82 b,0,
Kepler-82 c,0,
Kepler-82 d,0,
Kepler-82 e,0,
Kepler-82 f,0,
Kepler-820 b,0,Hot
Kepler-821 b,0,Hot
Kepler-822 b,0,Hot
Kepler-823 b,0,Hot
Kepler-824 b,0,Hot
Kepler-825 b,0,Hot
Kepler-825 c,0,Hot
Kepler-826 b,0,Hot
Kepler-827 b,0,Hot
Kepler-828 b,0,Hot
Kepler-829 b,0,Hot
Kepler-83 b,0,
Kepler-83 c,0,
Kepler-83 d,0,Hot
Kepler-830 b,0,Hot
Kepler-831 b,0,Hot
Kepler-832 b,0,Hot
Kepler-833 b,0,Hot
Kepler-834 b,0,Hot
Kepler-835 b,0,Hot
Kepler-836 b,0,Hot
Kepler-837 b,0,Hot
Kepler-838 b,0,Hot
Kepler-839 b,0,Hot
Kepler-84 b,0,
Kepler-84 c,0,
Kepler-84 d,0,Hot
Kepler-84 e,0,Hot
Kepler-84 f,0,Hot
Kepler-840 b,0,Hot
Kepler-841 b,0,Hot
Kepler-842 b,0,Hot
Kepler-843 b,0,Hot
Kepler-844 b,0,Hot
Kepler-845 b,0,Hot
Kepler-846 b,0,Hot
Kepler-847 b,0,Hot
Kepler-848 b,0,Hot
Kepler-849 b,0,Hot
Kepler-85 b,0,
Kepler-85 c,0,
Kepler-85 d,0,Hot
Kepler-85 e,0,Hot
Kepler-850 b,0,Hot
Kepler-851 b,0,Hot
Kepler-852 b,0,Hot
Kepler-853 b,0,Hot
Kepler-854 b,0,Hot
Kepler-855 b,0,Hot
Kepler-856 b,0,Hot
Kepler-857 b,0,Hot
Kepler-858 b,0,Hot
Kepler-859 b,0,Hot
Kepler-860 b,0,Hot
Kepler-861 b,0,Hot
Kepler-862 b,0,Hot
Kepler-863 b,0,Hot
Kepler-864 b,0,Hot
Kepler-865 b,0,Hot
Kepler-866 b,0,Hot
Kepler-867 b,0,Hot
Kepler-868 b,0,Hot
Kepler-869 b,0,Hot
Kepler-87 b,0,Hot
Kepler-87 c,0,Hot
Kepler-870 b,0,Hot
Kepler-871 b,0,Hot
Kepler-872 b,0,Hot
Kepler-873 b,0,Hot
Kepler-874 b,0,Hot
Kepler-875 b,0,Hot
Kepler-876 b,0,Hot
Kepler-877 b,0,Hot
Kepler-878 b,0,Hot
Kepler-879 b,0,Hot
Kepler-880 b,0,Hot
Kepler-881 b,0,Hot
Kepler-882 b,0,Hot
Kepler-883 b,0,Hot
Kepler-884 b,0,Hot
Kepler-885 b,0,Hot
Kepler-886 b,0,Hot
Kepler-887 b,0,Hot
Kepler-887 c,0,Hot
Kepler-888 b,0,Hot
Kepler-889 b,0,Hot
Kepler-890 b,0,Hot
Kepler-891 b,0,Hot
Kepler-892 b,0,Hot
Kepler-893 b,0,Hot
Kepler-894 b,0,Hot
Kepler-895 b,0,Hot
Kepler-896 b,0,Hot
Kepler-897 b,0,Hot
Kepler-898 b,0,Hot
Kepler-899 b,0,Hot
Kepler-9 b,0,Hot
Kepler-9 c,0,Hot
Kepler-9 d,0,Hot
Kepler-90 b,0,Hot
Kepler-90 c,0,Hot
Kepler-90 d,0,Hot
Kepler-90 e,0,Hot
Kepler-90 f,0,Hot
Kepler-90 g,0,Hot
Kepler-90 h,1,Warm
Kepler-90 i,0,Hot
Kepler-900 b,0,Hot
Kepler-901 b,0,Hot
Kepler-902 b,0,Hot
Kepler-903 b,0,Hot
Kepler-903 c,0,Hot
Kepler-904 b,0,Hot
Kepler-905 b,0,Hot
Kepler-906 b,0,Hot
Kepler-907 b,0,Hot
Kepler-908 b,0,Hot
Kepler-909 b,0,Hot
Kepler-91 b,0,Hot
Kepler-910 b,0,Hot
Kepler-911 b,0,Hot
Kepler-912 b,0,Hot
Kepler-913 b,0,Hot
Kepler-914 b,0,Hot
Kepler-915 b,0,Hot
Kepler-916 b,0,Hot
Kepler-917 b,0,Hot
Kepler-918 b,0,Hot
Kepler-919 b,0,Hot
Kepler-92 b,0,
Kepler-92 c,0,
Kepler-92 d,0,
Kepler-920 b,0,Hot
Kepler-920 c,0,Hot
Kepler-921 b,0,Hot
Kepler-922 b,0,Hot
Kepler-923 b,0,Hot
Kepler-924 b,0,Hot
Kepler-925 b,0,Hot
Kepler-926 b,0,Hot
Kepler-927 b,0,Hot
Kepler-928 b,0,Hot
Kepler-929 b,0,Hot
Kepler-93 b,0,Hot
Kepler-93 c,0,Cold
Kepler-930 b,0,Hot
Kepler-931 b,0,Hot
Kepler-932 b,0,Hot
Kepler-933 b,0,Hot
Kepler-934 b,0,Hot
Kepler-935 b,0,Hot
Kepler-936 b,0,Hot
Kepler-937 b,0,Hot
Kepler-937 c,0,Hot
Kepler-938 b,0,Hot
Kepler-939 b,0,Hot
Kepler-94 b,0,Hot
Kepler-94 c,0,Cold
Kepler-940 b,0,Hot
Kepler-941 b,0,Hot
Kepler-942 b,0,Hot
Kepler-943 b,0,Hot
Kepler-944 b,0,Hot
Kepler-945 b,0,Hot
Kepler-946 b,0,Hot
Kepler-947 b,0,Hot
Kepler-948 b,0,Hot
Kepler-949 b,0,Hot
Kepler-95 b,0,Hot
Kepler-950 b,0,Hot
Kepler-951 b,0,Hot
Kepler-952 b,0,Hot
Kepler-953 b,0,Hot
Kepler-953 c,0,Hot
Kepler-954 b,0,Hot
Kepler-955 b,0,Hot
Kepler-956 b,0,Hot
Kepler-957 b,0,Hot
Kepler-958 b,0,Hot
Kepler-959 b,0,Hot
Kepler-96 b,0,Hot
Kepler-960 b,0,Hot
Kepler-961 b,0,Hot
Kepler-962 b,0,Hot
Kepler-963 b,0,Hot
Kepler-964 b,0,Hot
Kepler-965 b,0,Hot
Kepler-966 b,0,Hot
Kepler-967 b,0,Hot
Kepler-967 c,2,Warm
Kepler-968 b,0,Hot
Kepler-968 c,0,Hot
Kepler-969 b,0,Hot
Kepler-969 c,0,Hot
Kepler-97 b,0,Hot
Kepler-97 c,2,Warm
Kepler-970 b,0,Hot
Kepler-971 b,0,Hot
Kepler-972 b,0,Hot
Kepler-973 b,0,Hot
Kepler-974 b,0,Hot
Kepler-975 b,0,Hot
Kepler-976 b,0,Hot
Kepler-977 b,0,Hot
Kepler-978 b,0,Hot
Kepler-979 b,0,Hot
Kepler-98 b,0,Hot
Kepler-980 b,0,Hot
Kepler-981 b,0,Hot
Kepler-982 b,0,Hot
Kepler-983 b,0,Hot
Kepler-984 b,0,Hot
Kepler-985 b,0,Hot
Kepler-986 b,0,Hot
Kepler-987 b,0,Hot
Kepler-988 b,0,Hot
Kepler-989 b,0,Hot
Kepler-99 b,0,Hot
Kepler-990 b,0,Hot
Kepler-990 c,0,Hot
Kepler-991 b,1,Warm
Kepler-992 b,0,Hot
Kepler-993 b,0,Hot
Kepler-994 b,0,Hot
Kepler-995 b,0,Hot
Kepler-996 b,0,Hot
Kepler-997 b,0,Hot
Kepler-998 b,0,Hot
Kepler-999 b,0,Hot
KIC 10001893 b,0,
KIC 10001893 c,0,
KIC 10001893 d,0,
KIC 10525077 b,2,Warm
KIC 3558849 b,0,Cold
KIC 5437945 b,1,Warm
KIC 5951458 b,2,Warm
KIC 7917485 b,0,Hot
KIC 8540376 b,0,Hot
KIC 8540376 c,0,Hot
KIC 9663113 b,2,Warm
KMT-2016-BLG-1107L b,0,
KMT-2016-BLG-1397L b,0,
KMT-2016-BLG-1820L b,0,
KMT-2016-BLG-2142L b,0,
KMT-2017-BLG-0165L b,0,
KMT-2017-BLG-1038L b,0,
KMT-2017-BLG-1146L b,0,
KOI-12 b,0,Hot
KOI-1257 b,0,Hot
KOI-13 b,0,Hot
KOI-142 b,0,Hot
KOI-142 c,0,Hot
KOI-1599.01,0,
KOI-1599.02,0,
KOI-217 b,0,Hot
KOI-3680 b,0,Hot
KOI-55 b,0,Hot
KOI-55 c,0,Hot
KOI-94 b,0,Hot
KOI-94 c,0,Hot
KOI-94 d,0,Hot
KOI-94 e,0,Hot
KPS-1 b,0,Hot
L 98-59 b,0,Hot
L 98-59 c,0,Hot
L 98-59 d,0,Hot
LHS 1140 b,2,Warm
LHS 1140 c,0,Hot
LHS 3844 b,0,Hot
LkCa 15 b,0,
LkCa 15 c,0,
LSPM J2116+0234 b,0,Hot
LTT 1445 A b,0,Hot
Lupus-TR-3 b,0,Hot
MASCARA-1 b,0,Hot
MOA-2007-BLG-192L b,0,
MOA-2007-BLG-400L b,0,
MOA-2008-BLG-310L b,0,
MOA-2008-BLG-379L b,0,
MOA-2009-BLG-266L b,0,
MOA-2009-BLG-319L b,0,
MOA-2009-BLG-387L b,0,
MOA-2010-BLG-073L b,0,
MOA-2010-BLG-117L b,0,
MOA-2010-BLG-328L b,0,
MOA-2010-BLG-353L b,0,
MOA-2010-BLG-477L b,0,
MOA-2011-BLG-028L b,0,
MOA-2011-BLG-262L b,0,
MOA-2011-BLG-291L b,0,
MOA-2011-BLG-293L b,0,
MOA-2011-BLG-322L b,0,
MOA-2012-BLG-006L b,0,
MOA-2012-BLG-505L b,0,
MOA-2013-BLG-605L b,0,
MOA-2015-BLG-337L b,0,
MOA-2016-BLG-227L b,0,
MOA-2016-BLG-319L b,0,
MOA-bin-1L b,0,
mu Leo b,0,Hot
MXB 1658-298 b,0,
NGC 2682 Sand 364 b,0,Hot
NGC 2682 Sand 978 b,0,Hot
NGC 2682 YBP 1194 b,0,Hot
NGC 2682 YBP 1514 b,0,Hot
NGC 2682 YBP 401 b,0,Hot
NGTS-1 b,0,Hot
NGTS-2 b,0,Hot
NGTS-3 A b,0,Hot
NGTS-4 b,0,Hot
NGTS-5 b,0,Hot
NN Ser c,0,
NN Ser d,0,
NSVS 14256825 b,0,Hot
nu Oph b,0,Hot
nu Oph c,0,Hot
NY Vir b,0,
OGLE-2003-BLG-235L b,0,
OGLE-2005-BLG-071L b,0,
OGLE-2005-BLG-169L b,0,
OGLE-2005-BLG-390L b,0,
OGLE-2006-BLG-109L b,0,
OGLE-2006-BLG-109L c,0,
OGLE-2007-BLG-349L AB c,0,
OGLE-2007-BLG-368L b,0,
OGLE-2008-BLG-092L b,0,
OGLE-2008-BLG-355L b,0,
OGLE-2011-BLG-0173L b,0,
OGLE-2011-BLG-0251L b,0,
OGLE-2011-BLG-0265L b,0,
OGLE-2012-BLG-0026L b,0,
OGLE-2012-BLG-0026L c,0,
OGLE-2012-BLG-0358L b,0,
OGLE-2012-BLG-0406L b,0,
OGLE-2012-BLG-0563L b,0,
OGLE-2012-BLG-0724L b,0,
OGLE-2012-BLG-0950L b,0,
OGLE-2013-BLG-0102L b,0,
OGLE-2013-BLG-0132L b,0,
OGLE-2013-BLG-0341L B b,0,
OGLE-2013-BLG-1721L b,0,
OGLE-2013-BLG-1761L b,0,
OGLE-2014-BLG-0124L b,0,
OGLE-2014-BLG-0676L b,0,
OGLE-2014-BLG-1722L b,0,
OGLE-2014-BLG-1722L c,0,
OGLE-2014-BLG-1760L b,0,
OGLE-2015-BLG-0051L b,0,
OGLE-2015-BLG-0954L b,0,
OGLE-2015-BLG-0966L b,0,
OGLE-2015-BLG-1670L b,0,
OGLE-2016-BLG-0263L b,0,
OGLE-2016-BLG-0613L AB b,0,
OGLE-2016-BLG-1190L b,0,
OGLE-2016-BLG-1195L b,0,
OGLE-2017-BLG-0173L b,0,
OGLE-2017-BLG-0373L b,0,
OGLE-2017-BLG-0482L b,0,
OGLE-2017-BLG-1140L b,0,
OGLE-2017-BLG-1434L b,0,
OGLE-2017-BLG-1522L b,0,
OGLE-2018-BLG-0596L b,0,
OGLE2-TR-L9 b,0,Hot
OGLE-TR-056 b,0,
OGLE-TR-10 b,0,Hot
OGLE-TR-111 b,0,Hot
OGLE-TR-113 b,0,Hot
OGLE-TR-132 b,0,Hot
OGLE-TR-182 b,0,Hot
OGLE-TR-211 b,0,Hot
ome Ser b,0,Hot
omi CrB b,0,Hot
omi UMa b,0,Hot
Oph 11 b,0,Cold
PDS 70 b,0,Cold
PDS 70 c,0,Cold
PH1 b,0,Hot
PH2 b,1,Warm
pi Men c,0,Hot
POTS-1 b,0,Hot
Pr0201 b,0,Hot
Pr0211 b,0,Hot
Pr0211 c,0,Cold
Proxima Cen b,2,Warm
psi 1 Dra B b,0,Cold
PSR B1257+12 b,0,
PSR B1257+12 c,0,
PSR B1257+12 d,0,
PSR B1620-26 b,0,
PSR J1719-1438 b,0,Hot
PSR J2322-2650 b,0,
Qatar-1 b,0,Hot
Qatar-10 b,0,Hot
Qatar-2 b,0,Hot
Qatar-3 b,0,Hot
Qatar-4 b,0,Hot
Qatar-5 b,0,Hot
Qatar-7 b,0,Hot
Qatar-8 b,0,Hot
Qatar-9 b,0,Hot
rho CrB b,0,Hot
rho CrB c,0,Hot
Ross 128 b,0,Hot
Ross 458 c,0,Cold
ROXs 12 b,0,
ROXs 42 B b,0,
RR Cae b,0,
SR 12 AB c,0,
SWEEPS-11 b,0,
SWEEPS-4 b,0,
TAP 26 b,0,Hot
tau Boo b,0,Hot
tau Cet e,1,Warm
tau Cet f,0,Cold
tau Cet g,0,Hot
tau Cet h,0,Hot
tau Gem b,0,Hot
TCP J05074264+2447555 b,0,
Teegarden's Star b,1,Warm
Teegarden's Star c,2,Warm
TOI 150.01,0,Hot
TOI 172 b,0,Hot
TOI 216.01,0,Hot
TOI 216.02,0,Hot
TOI 270 b,0,Hot
TOI 270 c,0,Hot
TOI 270 d,0,Hot
TRAPPIST-1 b,0,Hot
TRAPPIST-1 c,0,Hot
TRAPPIST-1 d,1,Warm
TRAPPIST-1 e,2,Warm
TRAPPIST-1 f,2,Warm
TRAPPIST-1 g,2,Warm
TRAPPIST-1 h,0,Cold
TrES-1 b,0,Hot
TrES-2 b,0,Hot
TrES-3 b,0,Hot
TrES-4 b,0,Hot
TrES-5 b,0,Hot
TYC 1422-614-1 b,0,Hot
TYC 1422-614-1 c,0,Hot
TYC 3318-01333-1 b,0,Hot
TYC 3667-1280-1 b,0,Hot
TYC 4282-00605-1 b,0,Hot
UKIRT-2017-BLG-001L b,0,
ups And b,0,
ups And c,0,
ups And d,0,
USco CTIO 108 b,0,
UZ For b,0,
UZ For c,0,
V0391 Peg b,0,Hot
V1298 Tau b,0,Hot
V830 Tau b,0,Hot
VHS J125601.92-125723.9 b,0,Cold
WASP-1 b,0,
WASP-10 b,0,Hot
WASP-100 b,0,Hot
WASP-101 b,0,Hot
WASP-103 b,0,Hot
WASP-104 b,0,Hot
WASP-105 b,0,Hot
WASP-106 b,0,Hot
WASP-107 b,0,Hot
WASP-11 b,0,Hot
WASP-113 b,0,Hot
WASP-114 b,0,Hot
WASP-117 b,0,Hot
WASP-118 b,0,Hot
WASP-119 b,0,Hot
WASP-12 b,0,Hot
WASP-120 b,0,Hot
WASP-121 b,0,Hot
WASP-123 b,0,Hot
WASP-124 b,0,Hot
WASP-126 b,0,Hot
WASP-127 b,0,Hot
WASP-129 b,0,Hot
WASP-13 b,0,Hot
WASP-130 b,0,Hot
WASP-131 b,0,Hot
WASP-132 b,0,Hot
WASP-133 b,0,Hot
WASP-135 b,0,Hot
WASP-136 b,0,Hot
WASP-138 b,0,Hot
WASP-139 b,0,Hot
WASP-14 b,0,Hot
WASP-140 b,0,Hot
WASP-141 b,0,Hot
WASP-142 b,0,Hot
WASP-144 b,0,Hot
WASP-145 A b,0,Hot
WASP-147 b,0,Hot
WASP-15 b,0,Hot
WASP-151 b,0,Hot
WASP-153 b,0,Hot
WASP-156 b,0,Hot
WASP-157 b,0,Hot
WASP-158 b,0,Hot
WASP-159 b,0,Hot
WASP-16 b,0,Hot
WASP-160 B b,0,Hot
WASP-161 b,0,Hot
WASP-162 b,0,Hot
WASP-163 b,0,Hot
WASP-164 b,0,Hot
WASP-165 b,0,Hot
WASP-166 b,0,Hot
WASP-167 b,0,Hot
WASP-168 b,0,Hot
WASP-17 b,0,Hot
WASP-170 b,0,Hot
WASP-172 b,0,Hot
WASP-173 A b,0,Hot
WASP-174 b,0,Hot
WASP-177 b,0,Hot
WASP-18 b,0,Hot
WASP-181 b,0,Hot
WASP-183 b,0,Hot
WASP-19 b,0,Hot
WASP-190 b,0,Hot
WASP-2 b,0,Hot
WASP-20 b,0,Hot
WASP-21 b,0,Hot
WASP-22 b,0,Hot
WASP-23 b,0,Hot
WASP-24 b,0,Hot
WASP-25 b,0,Hot
WASP-26 b,0,Hot
WASP-28 b,0,Hot
WASP-29 b,0,Hot
WASP-3 b,0,Hot
WASP-31 b,0,Hot
WASP-32 b,0,Hot
WASP-33 b,0,Hot
WASP-34 b,0,Hot
WASP-35 b,0,Hot
WASP-36 b,0,Hot
WASP-37 b,0,Hot
WASP-38 b,0,Hot
WASP-39 b,0,Hot
WASP-4 b,0,Hot
WASP-41 b,0,Hot
WASP-41 c,2,Warm
WASP-42 b,0,Hot
WASP-43 b,0,Hot
WASP-44 b,0,Hot
WASP-45 b,0,Hot
WASP-46 b,0,Hot
WASP-47 b,0,Hot
WASP-47 c,2,Warm
WASP-47 d,0,Hot
WASP-47 e,0,Hot
WASP-48 b,0,Hot
WASP-49 b,0,Hot
WASP-5 b,0,Hot
WASP-50 b,0,Hot
WASP-52 b,0,Hot
WASP-53 b,0,Hot
WASP-53 c,0,Cold
WASP-54 b,0,Hot
WASP-55 b,0,Hot
WASP-56 b,0,Hot
WASP-57 b,0,Hot
WASP-58 b,0,Hot
WASP-59 b,0,Hot
WASP-6 b,0,Hot
WASP-60 b,0,Hot
WASP-61 b,0,Hot
WASP-62 b,0,Hot
WASP-63 b,0,Hot
WASP-64 b,0,Hot
WASP-65 b,0,Hot
WASP-66 b,0,Hot
WASP-67 b,0,Hot
WASP-68 b,0,Hot
WASP-69 b,0,Hot
WASP-7 b,0,Hot
WASP-70 A b,0,Hot
WASP-71 b,0,Hot
WASP-72 b,0,Hot
WASP-73 b,0,Hot
WASP-74 b,0,Hot
WASP-75 b,0,Hot
WASP-76 b,0,Hot
WASP-77 A b,0,Hot
WASP-78 b,0,Hot
WASP-79 b,0,Hot
WASP-8 b,0,Hot
WASP-8 c,0,Cold
WASP-80 b,0,Hot
WASP-81 b,0,Hot
WASP-82 b,0,Hot
WASP-83 b,0,Hot
WASP-84 b,0,Hot
WASP-85 A b,0,Hot
WASP-87 b,0,Hot
WASP-88 b,0,Hot
WASP-89 b,0,Hot
WASP-90 b,0,Hot
WASP-91 b,0,Hot
WASP-92 b,0,Hot
WASP-93 b,0,Hot
WASP-94 A b,0,Hot
WASP-94 B b,0,Hot
WASP-95 b,0,Hot
WASP-96 b,0,Hot
WASP-97 b,0,Hot
WASP-98 b,0,Hot
WASP-99 b,0,Hot
WD 0806-661 b,0,
WISEP J121756.91+162640.2 A b,0,Cold
Wolf 1061 b,0,Hot
Wolf 1061 c,1,Warm
Wolf 1061 d,0,Cold
Wolf 503 b,0,Hot
WTS-1 b,0,Hot
WTS-2 b,0,Hot
XO-1 b,0,Hot
XO-2 N b,0,
XO-2 S b,0,Hot
XO-2 S c,0,Hot
XO-3 b,0,Hot
XO-4 b,0,Hot
XO-5 b,0,Hot
XO-6 b,0,Hot
YZ Cet b,0,Hot
YZ Cet c,0,Hot
YZ Cet d,0,Hot
